DATALOAD,IRV_ASSET,,EN
ASSETID,LOCATION,ASSETNUM,SADDRESSCODE,DESCRIPTION,DESCRIPTION_LONGDESCRIPTION,HASLD,ISRUNNING,INSTALLDATE,ASSETTYPE,MANUFACTURER,IRV_MODEL,IRV_LEGASSETREF,SERIALNUM,IRV_ASSETCOND,IRV_CRITICALITY,IRV_EXPECTLIFE,IRV_LEGBARCODE,IRV_LEGCOND,IRV_REPLACEQTY,IRV_SIZECAP,IRV_SURVEYDATE,IRV_UOM,PLUSPCUSTOMER,LANGCODE,CHANGEBY,ORGID,SITEID,STATUS,STATUSDATE,CHANGEDATE,ASSETUID
,1006573,2014-909217,BBCADD009,BMS OUTSTATION,BMS OUTSTATION,1,1,2014,FACILITIES,,,,,6,2,10,,,1,,2014-04-23T09:32:00+00:00,,BBC,,,,GB,OPERATING,,,
,1006573,2014-909218,BBCADD009,CCTV CAMERAS,CCTV CAMERAS,1,1,1995,FACILITIES,,,,,4,2,15,,,2,,2014-04-23T09:32:00+00:00,,BBC,,,,GB,OPERATING,,,
,1006573,2014-909219,BBCADD009,DISTRIBUTION PIPEWORK AND CONTROL VALVES,DISTRIBUTION PIPEWORK AND CONTROL VALVES - WATER,1,1,1990,FACILITIES,,,,,4,3,30,,,1,,2014-04-23T09:32:00+00:00,,BBC,,,,GB,OPERATING,,,
,1006573,2014-909220,BBCADD009,EMERGENCY LIGHTING,EMERGENCY LIGHTING,1,1,2005,FACILITIES,,,,,5,2,5,,,78,,2014-04-23T09:32:00+00:00,,BBC,,,,GB,OPERATING,,,
,1006573,2014-909221,BBCADD009,FAN COIL UNITS,FAN COIL UNITS,1,1,1995,FACILITIES,,,,,4,3,15,,,13,,2014-04-23T09:32:00+00:00,m/Hour,BBC,,,,GB,OPERATING,,,
,1006573,2014-909222,BBCADD009,FIRE BLANKETS,FIRE BLANKETS,1,1,2005,FACILITIES,,,,,5,2,10,,,3,,2014-04-23T09:32:00+00:00,,BBC,,,,GB,OPERATING,,,
,1006573,2014-909223,BBCADD009,FIRE DAMPERS,FIRE DAMPERS,1,1,2014,FACILITIES,,,,,6,2,10,,,2,,2014-04-23T09:32:00+00:00,,BBC,,,,GB,OPERATING,,,
,1006573,2014-909224,BBCADD009,FIRE EXTINGUISHERS (CO2),FIRE EXTINGUISHERS (CO2),1,1,2013,FACILITIES,,,,,5,2,8,,,12,,2014-04-23T09:32:00+00:00,,BBC,,,,GB,OPERATING,,,
,1006573,2014-909225,BBCADD009,FIRE EXTINGUISHERS (WATER),FIRE EXTINGUISHERS (WATER),1,1,2013,FACILITIES,,,,,5,2,8,,,5,,2014-04-23T09:32:00+00:00,,BBC,,,,GB,OPERATING,,,
,1006573,2014-909226,BBCADD009,GENERAL & TASK LIGHTING,GENERAL & TASK LIGHTING,1,1,1995,FACILITIES,,,,,5,3,20,,,365,,2014-04-23T09:32:00+00:00,,BBC,,,,GB,OPERATING,,,
,1006573,2014-909227,BBCADD009,GENERAL DUCTWORK,GENERAL DUCTWORK,1,1,1990,FACILITIES,,,,,4,3,40,,,1,,2014-04-23T09:32:00+00:00,m/Hour,BBC,,,,GB,OPERATING,,,
,1006573,2014-909228,BBCADD009,INTERNAL CEILINGS,INTERNAL CEILINGS,1,1,2000,FACILITIES,,,,,4,4,20,,,1,,2014-04-23T09:32:00+00:00,,BBC,,,,GB,OPERATING,,,
,1006573,2014-909229,BBCADD009,INTERNAL FLOOR & FLOOR COVERINGS,INTERNAL FLOOR & FLOOR COVERINGS,1,1,2000,FACILITIES,,,,,4,4,10,,,1,,2014-04-23T09:32:00+00:00,,BBC,,,,GB,OPERATING,,,
,1006573,2014-909230,BBCADD009,INTERNAL WALLS AND FINISHES,INTERNAL WALLS AND FINISHES,1,1,2000,FACILITIES,,,,,4,4,20,,,1,,2014-04-23T09:32:00+00:00,,BBC,,,,GB,OPERATING,,,
,1006573,2014-909231,BBCADD009,SHOWER INSTALLATION ,SHOWER INSTALLATION,1,1,2000,FACILITIES,,,,,5,5,12,,,1,,2014-04-23T09:32:00+00:00,,BBC,,,,GB,OPERATING,,,
,1006573,2014-909232,BBCADD009,TAPS,TAPS,1,1,2005,FACILITIES,,,,,5,4,25,,,19,,2014-04-23T09:32:00+00:00,,BBC,,,,GB,OPERATING,,,
,1006573,2014-909233,BBCADD009,TOILET/URINAL,TOILETS/URINAL,1,1,2005,FACILITIES,,,,,5,4,25,,,17,,2014-04-23T09:32:00+00:00,,BBC,,,,GB,OPERATING,,,
,1006573,2014-909234,BBCADD009,"WINDOW, FRAMES, WINDOW FURNITURE & INTERNAL BLINDS",WINDOW  FRAMES  WINDOW FURNITURE & INTERNAL BLINDS,1,1,2000,FACILITIES,,,,,4,4,20,,,1,,2014-04-23T09:32:00+00:00,,BBC,,,,GB,OPERATING,,,
,1006575,2014-63790,BBCADD009,ELECTRIC WATER HEATERS,N/A,1,1,2010,FACILITIES,NOT PRESENT,NOT PRESENT,,,5,4,12,2014-63790,,1,Not Present,2014-04-22T14:30:00+00:00,Litres,BBC,,,,GB,OPERATING,,,
,1006576,2014-63767,BBCADD009,ELECTRIC WATER HEATERS,N/A,1,1,2010,FACILITIES,HEATRAE SADIA,SUPREME,,,5,4,12,2014-63767,,1,Not Present,2014-04-22T13:13:00+00:00,Litres,BBC,,,,GB,OPERATING,,,
,1006577,2014-63755,BBCADD009,DOWNFLOW UNIT (CHILLED WATER),CRAC UNIT 3,1,1,2014,FACILITIES,UNIFLAIR,NOT PRESENT,,NOT PRESENT,6,1,15,2014-63755,,1,Not Present,2014-04-22T12:34:00+00:00,kW,BBC,,,,GB,OPERATING,,,
,1006577,2014-63756,BBCADD009,DISTRIBUTION BOARDS INC LV FUSEBOARD,LV PANELBOARD UDB-CTA-01,1,1,2014,FACILITIES,SCHNEIDER ELECTRIC,NO ACCESS,,,6,1,20,2014-63756,,1,No Access,2014-04-22T12:37:00+00:00,Ways,BBC,,,,GB,OPERATING,,,
,1006577,2014-63757,BBCADD009,DISTRIBUTION BOARDS INC LV FUSEBOARD,DB-CTA-01A,1,1,2014,FACILITIES,SCHNEIDER ELECTRIC,NO ACCESS,,,6,1,20,2014-63757,,1,No Access,2014-04-22T12:39:00+00:00,Ways,BBC,,,,GB,OPERATING,,,
,1006577,2014-63758,BBCADD009,DISTRIBUTION BOARDS INC LV FUSEBOARD,DB-CTA-01B,1,1,2014,FACILITIES,SCHNEIDER ELECTRIC,NO ACCESS,,,6,1,20,2014-63758,,1,No Access,2014-04-22T12:40:00+00:00,Ways,BBC,,,,GB,OPERATING,,,
,1006577,2014-63759,BBCADD009,DISTRIBUTION BOARDS INC LV FUSEBOARD,MDB-CTA-01,1,1,2014,FACILITIES,SCHNEIDER ELECTRIC,NO ACCESS,,,6,1,20,2014-63759,,1,No Access,2014-04-22T12:40:00+00:00,Ways,BBC,,,,GB,OPERATING,,,
,1006577,2014-63760,BBCADD009,ENERGY METER,DB-CTA-01A METER,1,1,2014,FACILITIES,SCHNEIDER ELECTRIC,PM710,,,6,4,15,2014-63760,,1,,2014-04-22T12:40:00+00:00,,BBC,,,,GB,OPERATING,,,
,1006577,2014-63761,BBCADD009,LEAK DETECTION SYSTEM,N/A,1,1,2014,FACILITIES,AQUITRON,AT-MZA,,NOT PRESENT,6,3,10,2014-63761,,1,,2014-04-22T12:43:00+00:00,,BBC,,,,GB,OPERATING,,,
,1006577,2014-63762,BBCADD009,DOWNFLOW UNIT (CHILLED WATER),CRAC UNIT 2,1,1,2014,FACILITIES,UNIFLAIR,NOT PRESENT,,NOT PRESENT,6,1,15,2014-63762,,1,Not Present,2014-04-22T12:45:00+00:00,kW,BBC,,,,GB,OPERATING,,,
,1006577,2014-63763,BBCADD009,DOWNFLOW UNIT (CHILLED WATER),CRAC UNIT 1,1,1,2014,FACILITIES,UNIFLAIR,NOT PRESENT,,NOT PRESENT,6,1,15,2014-63763,,1,Not Present,2014-04-22T12:45:00+00:00,kW,BBC,,,,GB,OPERATING,,,
,1006578,2014-63787,BBCADD009,UPS UNIT STATIC,NOT PRESENT,1,1,2014,FACILITIES,NOT PRESENT,NOT PRESENT,,NOT PRESENT,6,1,20,2014-63787,,1,Not Present,2014-04-22T14:23:00+00:00,kV,BBC,,,,GB,OPERATING,,,
,1006578,2014-63788,BBCADD009,CWS METER,WATER METER,1,1,2014,FACILITIES,HIGH LEVEL,HIGH LEVEL,,HIGH LEVEL,6,4,20,2014-63788,,1,Hugh Level,2014-04-22T14:25:00+00:00,l/m,BBC,,,,GB,OPERATING,,,
,1006578,2014-63789,BBCADD009,SUPPLY FAN,N/A,1,1,2014,FACILITIES,HIGH LEVEL,HIGH LEVEL,,,6,2,20,2014-63789,,1,High Level,2014-04-22T14:27:00+00:00,m/Hour,BBC,,,,GB,OPERATING,,,
,1006579,2014-63717,BBCADD009,DISTRIBUTION BOARDS INC LV FUSEBOARD,N/A,1,1,2005,FACILITIES,MEM,AM4,,,5,2,20,2014-63717,,1,4,2014-04-22T10:35:00+00:00,Ways,BBC,,,,GB,OPERATING,,,
,1006580,2014-63710,BBCADD009,DOWNFLOW UNIT (CHILLED WATER),N/A,1,1,2010,FACILITIES,DENCO,HIGH LEVEL,,HIGH LEVEL,5,2,15,2014-63710,,1,High Level,2014-04-22T10:23:00+00:00,kW,BBC,,,,GB,OPERATING,,,
,1006580,2014-63711,BBCADD009,DOWNFLOW UNIT (CHILLED WATER),N/A,1,1,2010,FACILITIES,DENCO,HIGH LEVEL,,HIGH LEVEL,5,2,15,2014-63711,,1,High Level,2014-04-22T10:25:00+00:00,kW,BBC,,,,GB,OPERATING,,,
,1006580,2014-63712,BBCADD009,DOWNFLOW UNIT (CHILLED WATER),N/A,1,1,2010,FACILITIES,DENCO,HIGH LEVEL,,HIGH LEVEL,5,2,15,2014-63712,,1,High Level,2014-04-22T10:26:00+00:00,kW,BBC,,,,GB,OPERATING,,,
,1006580,2014-63713,BBCADD009,DISTRIBUTION BOARDS INC LV FUSEBOARD,DB 1,1,1,1995,FACILITIES,SQUARE D,QO310018,,,4,2,20,2014-63713,,1,18,2014-04-22T10:26:00+00:00,Ways,BBC,,,,GB,OPERATING,,,
,1006580,2014-63714,BBCADD009,DISTRIBUTION BOARDS INC LV FUSEBOARD,DB 2,1,1,2005,FACILITIES,MEM,BM121,,,5,2,20,2014-63714,,1,36,2014-04-22T10:28:00+00:00,Ways,BBC,,,,GB,OPERATING,,,
,1006580,2014-63715,BBCADD009,DISTRIBUTION BOARDS INC LV FUSEBOARD,DB UPS,1,1,2005,FACILITIES,MEM,BM81,,,5,2,20,2014-63715,,1,24,2014-04-22T10:28:00+00:00,Ways,BBC,,,,GB,OPERATING,,,
,1006580,2014-63716,BBCADD009,DISTRIBUTION BOARDS INC LV FUSEBOARD,NO IA,1,1,2005,FACILITIES,MEM,AM7,,,5,2,20,2014-63716,,1,7,2014-04-22T10:30:00+00:00,Ways,BBC,,,,GB,OPERATING,,,
,1006581,2014-63726,BBCADD009,DOWNFLOW UNIT (CHILLED WATER),N/A,1,1,1995,FACILITIES,DELTACLIMA,NOT PRESENT,,NOT PRESENT,0,1,15,2014-63726,,1,Not Present,2014-04-22T11:02:00+00:00,kW,BBC,,,,GB,OPERATING,,,
,1006581,2014-63727,BBCADD009,ELECTRICAL CONTROLS,AHU CONTROL,1,1,1990,FACILITIES,CCS,NOT PRESENT,,,4,2,10,2014-63727,,1,,2014-04-22T11:09:00+00:00,,BBC,,,,GB,OPERATING,,,
,1006581,2014-63728,BBCADD009,DISTRIBUTION BOARDS INC LV FUSEBOARD,DB TP/2,1,1,2005,FACILITIES,EATON MEM,EBM121,,,5,1,20,2014-63728,,1,36,2014-04-22T11:07:00+00:00,Ways,BBC,,,,GB,OPERATING,,,
,1006581,2014-63735,BBCADD009,DISTRIBUTION BOARDS INC LV FUSEBOARD,DB CTA/R,1,1,1995,FACILITIES,SQUARE D,QO3-100-36,,,4,1,20,2014-63735,,1,36,2014-04-22T11:25:00+00:00,Ways,BBC,,,,GB,OPERATING,,,
,1006581,2014-63736,BBCADD009,DISTRIBUTION BOARDS INC LV FUSEBOARD,DB CTA/Y,1,1,1995,FACILITIES,SQUARE D,QO3-100-36,,,4,1,20,2014-63736,,1,36,2014-04-22T11:27:00+00:00,Ways,BBC,,,,GB,OPERATING,,,
,1006581,2014-63737,BBCADD009,DISTRIBUTION BOARDS INC LV FUSEBOARD,DB CTA/B,1,1,1995,FACILITIES,SQUARE D,QO3-100-36,,,4,1,20,2014-63737,,1,36,2014-04-22T11:27:00+00:00,Ways,BBC,,,,GB,OPERATING,,,
,1006581,2014-63738,BBCADD009,DISTRIBUTION BOARDS INC LV FUSEBOARD,D-CART UPS DB,1,1,1995,FACILITIES,SQUARE D,NOT PRESENT,,,4,1,20,2014-63738,,1,6,2014-04-22T11:27:00+00:00,Ways,BBC,,,,GB,OPERATING,,,
,1006581,2014-63739,BBCADD009,AUTO CHANGE OVER PANEL,BAY 41 C/OVER SWITCH,1,1,1995,FACILITIES,NOT PRESENT,NOT PRESENT,,,4,1,20,2014-63739,,1,Not Present,2014-04-22T11:30:00+00:00,Volts,BBC,,,,GB,OPERATING,,,
,1006581,2014-63740,BBCADD009,AUTO CHANGE OVER PANEL,BAY 33 C/OVER SWITCH,1,1,1995,FACILITIES,NOT PRESENT,NOT PRESENT,,,4,1,20,2014-63740,,1,Not Present,2014-04-22T11:29:00+00:00,Volts,BBC,,,,GB,OPERATING,,,
,1006582,2014-63722,BBCADD009,FIRE SUPPRESSION SYSTEMS (GASEOUS / FOAM / MIST / ETC),N/A,1,1,2014,FACILITIES,BRITANNIA,K11031M2,,NOT PRESENT,5,1,25,2014-63722,,1,,2014-04-22T10:49:00+00:00,,BBC,,,,GB,OPERATING,,,
,1006583,2014-63786,BBCADD009,EVAC CHAIR,EVAC CHAIR,1,1,2005,FACILITIES,,,,,4,3,10,2014-63786,,1,,2014-04-22T14:32:00+00:00,,BBC,,,,GB,OPERATING,,,
,1006584,2014-63745,BBCADD009,DISTRIBUTION BOARDS INC LV FUSEBOARD,UPS DB 101,1,1,1990,FACILITIES,SQUARE D,QO310012,,,4,1,20,2014-63745,,1,12,2014-04-22T11:50:00+00:00,Ways,BBC,,,,GB,OPERATING,,,
,1006584,2014-63746,BBCADD009,DISTRIBUTION BOARDS INC LV FUSEBOARD,UPS DB 101,1,1,1990,FACILITIES,SQUARE D,QO310012,,,1,1,20,2014-63746,,1,12,2014-04-22T11:51:00+00:00,Ways,BBC,,,,GB,OPERATING,,,
,1006584,2014-63747,BBCADD009,ENERGY METER,UPS METER PANEL,1,1,1990,FACILITIES,UNDERWOODS,NOT PRESENT,,,3,4,15,2014-63747,,1,,2014-04-22T11:52:00+00:00,,BBC,,,,GB,DECOMMISSIONED,,,
,1006584,2014-63748,BBCADD009,UPS UNIT STATIC,N/A,1,1,1995,FACILITIES,APCC,DP300E,,NOT PRESENT,3,2,20,2014-63748,,1,18.75,2014-04-22T11:54:00+00:00,kV,BBC,,,,GB,OPERATING,,,
,1006584,2014-63749,BBCADD009,AUTO CHANGE OVER PANEL,N/A,1,1,1995,FACILITIES,APCC,SBP-310/320E,,,5,2,20,2014-63749,,1,240,2014-04-22T11:56:00+00:00,Volts,BBC,,,,GB,OPERATING,,,
,1006584,2014-63750,BBCADD009,ELECTRIC METER,N/A,1,1,2003,FACILITIES,ISKRA,MT300-D2A41-L11,,,5,4,20,2014-63750,,1,120,2014-04-22T11:58:00+00:00,Amps,BBC,,,,GB,OPERATING,,,
,1006584,2014-63751,BBCADD009,ELECTRICAL CONTROLS,AHU CONTROL PANEL,1,1,1990,FACILITIES,NOT PRESENT,NOT PRESENT,,,4,4,10,2014-63751,,1,,2014-04-22T12:01:00+00:00,,BBC,,,,GB,OPERATING,,,
,1006584,2014-63752,BBCADD009,AHU,N/A,1,1,1990,FACILITIES,UNIFLO,NOT PRESENT,,NOT PRESENT,5,3,15,2014-63752,,1,Not Present,2014-04-22T12:02:00+00:00,m/Hour,BBC,,,,GB,OPERATING,,,
,1006585,2014-63729,BBCADD009,AHU,T.V. STUDIO AHU,1,1,1990,FACILITIES,UNIFLO,NOT PRESENT,,NOT PRESENT,3,2,15,2014-63729,,1,Not Present,2014-04-22T11:10:00+00:00,m/Hour,BBC,,,,GB,OPERATING,,,
,1006585,2014-63730,BBCADD009,SPLIT SYSTEM OUTDOOR UNIT,N/A,1,1,2009,FACILITIES,MITSUBISHI ELECTRIC,MUZ-GE25VA,,9014973,5,2,10,2014-63730,,1,2.5,2014-04-22T11:12:00+00:00,kW,BBC,,,,GB,OPERATING,,,
,1006585,2014-63731,BBCADD009,EXTRACT FAN,N/A,1,1,2008,FACILITIES,VENTS,125 VK,,,5,3,20,2014-63731,,1,Not Present,2014-04-22T11:14:00+00:00,m/Hour,BBC,,,,GB,OPERATING,,,
,1006585,2014-63732,BBCADD009,SPLIT SYSTEM INDOOR UNIT,N/A,1,1,2009,FACILITIES,MITSUBISHI ELECTRIC,MSZ-GE25VA,,9063212T,5,2,10,2014-63732,,1,Not Present,2014-04-22T11:16:00+00:00,kW,BBC,,,,GB,OPERATING,,,
,1006585,2014-63733,BBCADD009,LV SWITCH PANEL INCLUDING PF CORRECTION EQUIPMENT,UPS PANEL BOARD,1,1,2011,FACILITIES,SAPHIRE CONTROLS,NOT PRESENT,,,5,1,25,2014-63733,,1,Not Present,2014-04-22T11:18:00+00:00,kV,BBC,,,,GB,OPERATING,,,
,1006585,2014-63734,BBCADD009,UPS UNIT STATIC,N/A,1,1,2011,FACILITIES,CHLORIDE,NOT PRESENT,,NOT PRESENT,5,1,20,2014-63734,,1,Not Present,2014-04-22T11:20:00+00:00,kV,BBC,,,,GB,OPERATING,,,
,1006586,2014-63792,BBCADD009,EVAC CHAIR,EVAC CHAIR,1,1,2005,FACILITIES,,,,,4,3,10,2014-63792,,1,,2014-04-22T14:16:00+00:00,,BBC,,,,GB,OPERATING,,,
,1006586,2014-63820,BBCADD009,CCTV SYSTEM,N/A,1,1,2000,FACILITIES,NOT PRESENT,NOT PRESENT,,NOT PRESENT,5,3,15,2014-63820,,1,,2014-04-25T10:34:00+00:00,Zones,BBC,,,,GB,OPERATING,,,
,1006586,2014-63822,BBCADD009,INTRUDER ALARM,PANIC ALAR ,1,1,2010,FACILITIES,SWIFT,NOT PRESENT,,,5,3,15,2014-63822,,1,,2014-04-25T10:44:00+00:00,Zones,BBC,,,,GB,OPERATING,,,
,1006587,2014-63709,BBCADD009,DOOR - POWER OPERATED - REVOLVING,N/A,1,1,1995,FACILITIES,NOT PRESENT,NOT PRESENT,,,4,4,15,2014-63709,,1,,2014-04-22T10:17:00+00:00,,BBC,,,,GB,OPERATING,,,
,1006588,2014-63776,BBCADD009,DISTRIBUTION BOARDS INC LV FUSEBOARD,DB TP2/2L3,1,1,1990,FACILITIES,FEDERAL ELECTRIC,NOT PRESENT,,,4,2,20,2014-63776,,1,8,2014-04-22T13:35:00+00:00,Ways,BBC,,,,GB,OPERATING,,,
,1006588,2014-63777,BBCADD009,SPLIT SYSTEM INDOOR UNIT,N/A,1,1,1995,FACILITIES,IMI,NOT PRESENT,,NOT PRESENT,4,2,10,2014-63777,,1,Not Present,2014-04-22T13:36:00+00:00,kW,BBC,,,,GB,OPERATING,,,
,1006588,2014-63778,BBCADD009,SPLIT SYSTEM INDOOR UNIT,N/A,1,1,1995,FACILITIES,IMI,NOT PRESENT,,NOT PRESENT,4,2,10,2014-63778,,1,Not Present,2014-04-22T13:37:00+00:00,kW,BBC,,,,GB,OPERATING,,,
,1006589,2014-63768,BBCADD009,DISTRIBUTION BOARDS INC LV FUSEBOARD,DB A,1,1,2010,FACILITIES,ABB,HSMS 11C,,,5,2,20,2014-63768,,1,11,2014-04-22T13:16:00+00:00,Ways,BBC,,,,GB,OPERATING,,,
,1006589,2014-63769,BBCADD009,DISTRIBUTION BOARDS INC LV FUSEBOARD,DB B,1,1,2010,FACILITIES,ABB,HSMS 11C,,,5,2,20,2014-63769,,1,11,2014-04-22T13:17:00+00:00,Ways,BBC,,,,GB,OPERATING,,,
,1006589,2014-63770,BBCADD009,DISTRIBUTION BOARDS INC LV FUSEBOARD,DB TP/ABC/19,1,1,1995,FACILITIES,MEM,NOT PRESENT,,,2,2,20,2014-63770,,1,24,2014-04-22T13:18:00+00:00,Ways,BBC,,,,GB,OPERATING,,,
,1006589,2014-63771,BBCADD009,DISTRIBUTION BOARDS INC LV FUSEBOARD,DB TECH POWER T2,1,1,1995,FACILITIES,MEM,NOT PRESENT,,,2,2,20,2014-63771,,1,18,2014-04-22T13:19:00+00:00,Ways,BBC,,,,GB,OPERATING,,,
,1006590,2014-63774,BBCADD009,AUTO CHANGE OVER PANEL,UPS SUPPLY TO EXIT SUITE P4,1,1,1995,FACILITIES,NOT PRESENT,NOT PRESENT,,,3,2,20,2014-63774,,1,Not Present,2014-04-22T13:26:00+00:00,Volts,BBC,,,,GB,OPERATING,,,
,1006591,2014-63775,BBCADD009,DISTRIBUTION BOARDS INC LV FUSEBOARD,DB MBR4/7,1,1,2000,FACILITIES,VOLEX,PROTECTOR,,,5,1,20,2014-63775,,2,5,2014-04-22T13:29:00+00:00,Ways,BBC,,,,GB,OPERATING,,,
,1006592,2014-63723,BBCADD009,DISTRIBUTION BOARDS INC LV FUSEBOARD,N/A,1,1,2005,FACILITIES,MEM,AM13,,,5,2,20,2014-63723,,1,13,2014-04-22T10:52:00+00:00,Ways,BBC,,,,GB,OPERATING,,,
,1006592,2014-63724,BBCADD009,DISTRIBUTION BOARDS INC LV FUSEBOARD,N/A,1,1,2005,FACILITIES,SQUARE D,SQOM6,,,5,2,20,2014-63724,,1,6,2014-04-22T10:55:00+00:00,Ways,BBC,,,,GB,OPERATING,,,
,1006593,2014-63742,BBCADD009,LV ISOLATORS,MAIN ISOLATOR PRODUCTION LIGHTING,1,1,1990,FACILITIES,BILL,SOVEREIGN,,,5,1,20,2014-63742,,1,,2014-04-22T11:37:00+00:00,Amps,BBC,,,,GB,OPERATING,,,
,1006593,2014-63743,BBCADD009,DISTRIBUTION BOARDS INC LV FUSEBOARD,DB TP/ABC,1,1,1990,FACILITIES,KARTRET,NO ACCESS,,,4,1,20,2014-63743,,1,No Access,2014-04-22T11:40:00+00:00,Ways,BBC,,,,GB,OPERATING,,,
,1006593,2014-63744,BBCADD009,LV ISOLATORS,MAIN ISOLATOR TPN AC TP/ABC,1,1,1990,FACILITIES,BILL,SOVEREIGN,,,5,1,20,2014-63744,,1,,2014-04-22T11:39:00+00:00,Amps,BBC,,,,GB,OPERATING,,,
,1006594,2014-63725,BBCADD009,DOWNFLOW UNIT (CHILLED WATER),N/A,1,1,1995,FACILITIES,HIROSS,SPACEMAKER 2,,NOT PRESENT,5,2,15,2014-63725,,1,Not Present,2014-04-22T10:58:00+00:00,kW,BBC,,,,GB,OPERATING,,,
,1006595,2014-63780,BBCADD009,DISTRIBUTION BOARDS INC LV FUSEBOARD,DB TP/12,1,1,1990,FACILITIES,FEDERAL ELECTRIC,NOT PRESENT,,,4,2,20,2014-63780,,1,8,2014-04-22T13:43:00+00:00,Ways,BBC,,,,GB,OPERATING,,,
,1006596,2014-63764,BBCADD009,DISTRIBUTION BOARDS INC LV FUSEBOARD,DB TECHNICAL POWER,1,1,2010,FACILITIES,MEM,AM13,,,5,2,20,2014-63764,,1,13,2014-04-22T13:08:00+00:00,Ways,BBC,,,,GB,OPERATING,,,
,1006596,2014-63765,BBCADD009,DISTRIBUTION BOARDS INC LV FUSEBOARD,DB/TP/4R,1,1,2010,FACILITIES,EATON MEM,AM10,,,5,2,20,2014-63765,,1,10,2014-04-22T13:09:00+00:00,Ways,BBC,,,,GB,OPERATING,,,
,1006596,2014-63766,BBCADD009,DISTRIBUTION BOARDS INC LV FUSEBOARD,DB/UPS/PB/3L1,1,1,1995,FACILITIES,MERLIN GERIN,MGA6N,,,5,2,20,2014-63766,,1,6,2014-04-22T13:11:00+00:00,Ways,BBC,,,,GB,OPERATING,,,
,1006597,2014-63784,BBCADD009,DISTRIBUTION BOARDS INC LV FUSEBOARD,N/A,1,1,2010,FACILITIES,ABB,HIGH LEVEL,,,5,2,20,2014-63784,,1,High Level,2014-04-22T14:07:00+00:00,Ways,BBC,,,,GB,OPERATING,,,
,1006598,2014-63779,BBCADD009,DISTRIBUTION BOARDS INC LV FUSEBOARD,DB TP2/2L1,1,1,1990,FACILITIES,FEDERAL ELECTRIC,NOT PRESENT,,,4,2,20,2014-63779,,1,8,2014-04-22T13:41:00+00:00,Ways,BBC,,,,GB,OPERATING,,,
,1006599,2014-63741,BBCADD009,DISTRIBUTION BOARDS INC LV FUSEBOARD,NO ID,1,1,1990,FACILITIES,NOT PRESENT,NOT PRESENT,,,4,1,20,2014-63741,,1,4,2014-04-22T11:33:00+00:00,Ways,BBC,,,,GB,OPERATING,,,
,1006600,2014-63781,BBCADD009,DISTRIBUTION BOARDS INC LV FUSEBOARD,DB UPS/PB/2L1,1,1,1990,FACILITIES,FEDERAL ELECTRIC,NOT PRESENT,,,4,2,20,2014-63781,,1,8,2014-04-22T13:45:00+00:00,Ways,BBC,,,,GB,OPERATING,,,
,1006601,2014-63782,BBCADD009,DISTRIBUTION BOARDS INC LV FUSEBOARD,DB UPS/PB/1L1,1,1,1990,FACILITIES,FEDERAL ELECTRIC,NOT PRESENT,,,4,2,20,2014-63782,,2,8,2014-04-22T13:48:00+00:00,Ways,BBC,,,,GB,OPERATING,,,
,1006602,2014-63772,BBCADD009,HAND DRYERS,N/A,1,1,2010,FACILITIES,DETA,NOT PRESENT,,,5,4,10,2014-63772,,1,,2014-04-22T13:21:00+00:00,,BBC,,,,GB,OPERATING,,,
,1006603,2014-63773,BBCADD009,HAND DRYERS,N/A,1,1,2010,FACILITIES,DETA,NOT PRESENT,,,5,4,10,2014-63773,,1,,2014-04-22T13:24:00+00:00,,BBC,,,,GB,OPERATING,,,
,1006604,2014-63783,BBCADD009,HAND DRYERS,N/A,1,1,2010,FACILITIES,DETA,NOT PRESENT,,,5,4,10,2014-63783,,1,,2014-04-22T13:50:00+00:00,,BBC,,,,GB,OPERATING,,,
,1006605,2014-63785,BBCADD009,HAND DRYERS,N/A,1,1,2010,FACILITIES,DETA,NOT PRESENT,,,5,4,10,2014-63785,,1,,2014-04-22T14:13:00+00:00,,BBC,,,,GB,OPERATING,,,
,1006606,2014-63791,BBCADD009,DOOR - POWER OPERATED - SLIDING,N/A,1,1,2005,FACILITIES,TEST VALLEY MOBILITY,NOT PRESENT,,,5,4,15,2014-63791,,1,,2014-04-22T14:33:00+00:00,,BBC,,,,GB,OPERATING,,,
,1006606,2014-68319,BBCADD009,EXTRACT FAN,N/A,1,1,2000,FACILITIES,NUAIRE,NOT PRESENT,,,4,4,20,2014-68319,,1,Not Present,2014-04-22T16:04:00+00:00,m/Hour,BBC,,,,GB,OPERATING,,,
,1006607,2014-63718,BBCADD009,DISTRIBUTION BOARDS INC LV FUSEBOARD,DB TP2/3L2,1,1,1990,FACILITIES,FEDERAL ELECTRIC,D4,,,4,2,20,2014-63718,,1,4,2014-04-22T10:40:00+00:00,Ways,BBC,,,,GB,OPERATING,,,
,1006607,2014-63719,BBCADD009,DISTRIBUTION BOARDS INC LV FUSEBOARD,DB TP/9A,1,1,2010,FACILITIES,EATON MEM,EAM7,,,5,2,20,2014-63719,,1,7,2014-04-22T10:42:00+00:00,Ways,BBC,,,,GB,OPERATING,,,
,1006607,2014-63720,BBCADD009,ELECTRICAL CONTROLS,UPS ALARM MONITOR,1,1,1990,FACILITIES,UNIVERSAL POWER SYSTEMS,NOT PRESENT,,,0,1,10,2014-63720,,1,,2014-04-22T10:43:00+00:00,,BBC,,,,GB,OPERATING,,,
,1006607,2014-63721,BBCADD009,ELECTRICAL CONTROLS,UPS ALARM MONITOR,1,1,1990,FACILITIES,UNIVERSAL POWER SYSTEMS,NOT PRESENT,,,0,1,10,2014-63721,,1,,2014-04-22T10:45:00+00:00,,BBC,,,,GB,OPERATING,,,
,1006574,2014-909235,BBCADD009,CCTV CAMERAS,CCTV CAMERAS,1,1,1995,FACILITIES,,,,,4,2,15,,,1,,2014-04-23T09:32:00+00:00,,BBC,,,,GB,OPERATING,,,
,1006574,2014-909236,BBCADD009,DISTRIBUTION PIPEWORK AND CONTROL VALVES,DISTRIBUTION PIPEWORK AND CONTROL VALVES - WATER,1,1,1990,FACILITIES,,,,,4,3,30,,,1,,2014-04-23T09:32:00+00:00,,BBC,,,,GB,OPERATING,,,
,1006574,2014-909237,BBCADD009,EMERGENCY LIGHTING,EMERGENCY LIGHTING,1,1,1995,FACILITIES,,,,,4,2,5,,,17,,2014-04-23T09:32:00+00:00,,BBC,,,,GB,OPERATING,,,
,1006574,2014-909238,BBCADD009,FAN COIL UNITS,FAN COIL UNITS,1,1,1995,FACILITIES,,,,,5,3,15,,,4,,2014-04-23T09:32:00+00:00,m/Hour,BBC,,,,GB,OPERATING,,,
,1006574,2014-909239,BBCADD009,FIRE BLANKETS,FIRE BLANKETS,1,1,2005,FACILITIES,,,,,5,2,10,,,1,,2014-04-23T09:32:00+00:00,,BBC,,,,GB,OPERATING,,,
,1006574,2014-909240,BBCADD009,FIRE EXTINGUISHERS (CO2),FIRE EXTINGUISHERS (CO2),1,1,2013,FACILITIES,,,,,5,2,8,,,5,,2014-04-23T09:32:00+00:00,,BBC,,,,GB,OPERATING,,,
,1006574,2014-909241,BBCADD009,FIRE EXTINGUISHERS (WATER),FIRE EXTINGUISHERS (WATER),1,1,2013,FACILITIES,,,,,5,2,8,,,4,,2014-04-23T09:32:00+00:00,,BBC,,,,GB,OPERATING,,,
,1006574,2014-909242,BBCADD009,GENERAL & TASK LIGHTING,GENERAL & TASK LIGHTING,1,1,2005,FACILITIES,,,,,5,3,20,,,79,,2014-04-23T09:32:00+00:00,,BBC,,,,GB,OPERATING,,,
,1006574,2014-909243,BBCADD009,GENERAL DUCTWORK,GENERAL DUCTWORK,1,1,1990,FACILITIES,,,,,4,3,40,,,1,,2014-04-23T09:32:00+00:00,m/Hour,BBC,,,,GB,OPERATING,,,
,1006574,2014-909244,BBCADD009,INTERNAL CEILINGS,INTERNAL CEILINGS,1,1,2000,FACILITIES,,,,,4,4,20,,,1,,2014-04-23T09:32:00+00:00,,BBC,,,,GB,OPERATING,,,
,1006574,2014-909245,BBCADD009,INTERNAL FLOOR & FLOOR COVERINGS,INTERNAL FLOOR & FLOOR COVERINGS,1,1,2000,FACILITIES,,,,,4,4,10,,,1,,2014-04-23T09:32:00+00:00,,BBC,,,,GB,OPERATING,,,
,1006574,2014-909246,BBCADD009,INTERNAL WALLS AND FINISHES,INTERNAL WALLS AND FINISHES,1,1,2000,FACILITIES,,,,,4,4,20,,,1,,2014-04-23T09:32:00+00:00,,BBC,,,,GB,OPERATING,,,
,1006574,2014-909247,BBCADD009,TAPS,TAPS,1,1,2005,FACILITIES,,,,,5,4,25,,,7,,2014-04-23T09:32:00+00:00,,BBC,,,,GB,OPERATING,,,
,1006574,2014-909248,BBCADD009,TOILET/URINAL,TOILETS/URINAL,1,1,1990,FACILITIES,,,,,4,4,25,,,7,,2014-04-23T09:32:00+00:00,,BBC,,,,GB,OPERATING,,,
,1006574,2014-909249,BBCADD009,"WINDOW, FRAMES, WINDOW FURNITURE & INTERNAL BLINDS",WINDOW  FRAMES  WINDOW FURNITURE & INTERNAL BLINDS,1,1,2000,FACILITIES,,,,,4,4,20,,,1,,2014-04-23T09:32:00+00:00,,BBC,,,,GB,OPERATING,,,
,1006608,2014-63753,BBCADD009,DOWNFLOW UNIT (CHILLED WATER),N/A,1,1,2012,FACILITIES,AIRFLOW,PRIME 12 R410 AW,,7SP022770,5,2,15,2014-63753,,1,Not Present,2014-04-22T12:23:00+00:00,kW,BBC,,,,GB,OPERATING,,,
,1006608,2014-63754,BBCADD009,DISTRIBUTION BOARDS INC LV FUSEBOARD,DB TP2/7L1,1,1,2012,FACILITIES,MK,NOT PRESENT,,,5,2,20,2014-63754,,1,19,2014-04-22T12:25:00+00:00,Ways,BBC,,,,GB,OPERATING,,,
,1006609,2014-63815,BBCADD009,ELECTRIC WATER HEATERS,N/A,1,1,2010,FACILITIES,HEATRAE SADIA,SUPREME,,,5,4,12,2014-63815,,1,Not Present,2014-04-22T15:26:00+00:00,Litres,BBC,,,,GB,OPERATING,,,
,1006609,2014-63816,BBCADD009,MACERATOR / SANIFLOW,N/A,1,1,2005,FACILITIES,ABS,NOT PRESENT,,NOT PRESENT,4,3,12,2014-63816,,1,N/A,2014-04-22T15:27:00+00:00,,BBC,,,,GB,OPERATING,,,
,1006610,2014-63807,BBCADD009,SPLIT SYSTEM OUTDOOR UNIT,N/A,1,1,2009,FACILITIES,AIRWELL,GCAO,,NOT PRESENT,5,2,10,2014-63807,,1,Not Present,2014-04-22T15:12:00+00:00,kW,BBC,,,,GB,OPERATING,,,
,1006611,2014-63808,BBCADD009,DISTRIBUTION BOARDS INC LV FUSEBOARD,DB BBC-TP,1,1,1995,FACILITIES,SQUARE D,NOT PRESENT,,,5,2,20,2014-63808,,1,9,2014-04-22T15:15:00+00:00,Ways,BBC,,,,GB,OPERATING,,,
,1006611,2014-63809,BBCADD009,ELECTRIC METER,N/A,1,1,2003,FACILITIES,JW INSTRUMENTS,5196B,,,5,4,20,2014-63809,,1,100,2014-04-22T15:17:00+00:00,Amps,BBC,,,,GB,OPERATING,,,
,1006611,2014-63810,BBCADD009,DISTRIBUTION BOARDS INC LV FUSEBOARD,DB MP-6F-02,1,1,1995,FACILITIES,SQUARE D,QO310036,,,4,2,20,2014-63810,,1,36,2014-04-22T15:18:00+00:00,Ways,BBC,,,,GB,OPERATING,,,
,1006611,2014-63811,BBCADD009,ELECTRIC METER,N/A,1,1,2003,FACILITIES,ISKRA,MT300-D2A41-L11,,,5,4,20,2014-63811,,1,120,2014-04-22T15:19:00+00:00,Amps,BBC,,,,GB,OPERATING,,,
,1006611,2014-63812,BBCADD009,ELECTRIC METER,N/A,1,1,2003,FACILITIES,ISKRA,MT300-D2A41-L11,,,5,4,20,2014-63812,,1,120,2014-04-22T15:20:00+00:00,Amps,BBC,,,,GB,OPERATING,,,
,1006611,2014-63813,BBCADD009,DISTRIBUTION BOARDS INC LV FUSEBOARD,DB NDB-6F-02,1,1,1995,FACILITIES,SQUARE D,QO310036,,,4,2,20,2014-63813,,1,36,2014-04-22T15:21:00+00:00,Ways,BBC,,,,GB,OPERATING,,,
,1006612,2014-63817,BBCADD009,HAND DRYERS,N/A,1,1,2010,FACILITIES,HEATRAE SADIA,HANDYDRI 14,,,5,4,10,2014-63817,,1,,2014-04-22T15:33:00+00:00,,BBC,,,,GB,OPERATING,,,
,1006613,2014-63818,BBCADD009,HAND DRYERS,N/A,1,1,2010,FACILITIES,HEATRAE SADIA,HANDYDRI 14,,,5,4,10,2014-63818,,1,,2014-04-22T15:36:00+00:00,,BBC,,,,GB,OPERATING,,,
,1006571,2014-909205,BBCADD009,DISTRIBUTION PIPEWORK AND CONTROL VALVES,DISTRIBUTION PIPEWORK AND CONTROL VALVES - AIR CONDITIONING,1,1,2005,FACILITIES,,,,,5,3,30,,,1,,2014-04-23T09:32:00+00:00,,BBC,,,,GB,OPERATING,,,
,1006571,2014-909206,BBCADD009,EMERGENCY LIGHTING,EMERGENCY LIGHTING,1,1,2005,FACILITIES,,,,,5,2,5,,,1,,2014-04-23T09:32:00+00:00,,BBC,,,,GB,OPERATING,,,
,1006571,2014-909207,BBCADD009,EMERGENCY LIGHTING,EMERGENCY LIGHTING,1,1,2010,FACILITIES,,,,,5,2,5,,,1,,2014-04-25T12:22:00+00:00,,BBC,,,,GB,OPERATING,,,
,1006571,2014-909208,BBCADD009,FAN COIL UNITS,FAN COIL UNITS,1,1,1995,FACILITIES,,,,,4,3,15,,,2,,2014-04-23T09:32:00+00:00,m/Hour,BBC,,,,GB,OPERATING,,,
,1006571,2014-909209,BBCADD009,FIRE EXTINGUISHERS (CO2),FIRE EXTINGUISHERS (CO2),1,1,2013,FACILITIES,,,,,5,2,8,,,1,,2014-04-23T09:32:00+00:00,,BBC,,,,GB,OPERATING,,,
,1006571,2014-909210,BBCADD009,FIRE EXTINGUISHERS (CO2),FIRE EXTINGUISHERS (CO2),1,1,2013,FACILITIES,,,,,5,2,8,,,1,,2014-04-25T12:22:00+00:00,,BBC,,,,GB,OPERATING,,,
,1006571,2014-909211,BBCADD009,GENERAL & TASK LIGHTING,GENERAL & TASK LIGHTING,1,1,1950,FACILITIES,,,,,5,3,20,,,2010,,2014-04-25T12:22:00+00:00,,BBC,,,,GB,OPERATING,,,
,1006571,2014-909212,BBCADD009,GENERAL & TASK LIGHTING,GENERAL & TASK LIGHTING,1,1,1990,FACILITIES,,,,,4,3,20,,,9,,2014-04-23T09:32:00+00:00,,BBC,,,,GB,OPERATING,,,
,1006571,2014-909213,BBCADD009,GENERAL DUCTWORK,GENERAL DUCTWORK,1,1,1990,FACILITIES,,,,,4,3,40,,,1,,2014-04-23T09:32:00+00:00,m/Hour,BBC,,,,GB,OPERATING,,,
,1006571,2014-909214,BBCADD009,INTERNAL CEILINGS,INTERNAL CEILINGS,1,1,2000,FACILITIES,,,,,4,4,20,,,1,,2014-04-23T09:32:00+00:00,,BBC,,,,GB,OPERATING,,,
,1006571,2014-909215,BBCADD009,INTERNAL FLOOR & FLOOR COVERINGS,INTERNAL FLOOR & FLOOR COVERINGS,1,1,2000,FACILITIES,,,,,4,4,10,,,1,,2014-04-23T09:32:00+00:00,,BBC,,,,GB,OPERATING,,,
,1006571,2014-909216,BBCADD009,INTERNAL WALLS AND FINISHES,INTERNAL WALLS AND FINISHES,1,1,2000,FACILITIES,,,,,4,4,20,,,1,,2014-04-23T09:32:00+00:00,,BBC,,,,GB,OPERATING,,,
,1006614,2014-63823,BBCADD009,SPLIT SYSTEM OUTDOOR UNIT,N/A,1,1,2000,FACILITIES,DAIKIN,HIGH LEVEL,,HIGH LEVEL,4,1,10,2014-63823,,1,High Level,2014-04-25T10:52:00+00:00,kW,BBC,,,,GB,OPERATING,,,
,1006614,2014-63824,BBCADD009,SPLIT SYSTEM INDOOR UNIT,N/A,1,1,2000,FACILITIES,DAIKIN,NO ACCESS,,NO ACCESS,4,1,10,2014-63824,,1,No Access,2014-04-25T10:54:00+00:00,kW,BBC,,,,GB,OPERATING,,,
,1006614,2014-63825,BBCADD009,AUTO CHANGE OVER PANEL,MAINS / GEN NANUAL CHANGEOVER PANEL,1,1,2010,FACILITIES,NOT PRESENT,NOT PRESENT,,,5,1,20,2014-63825,,1,Not Present,2014-04-25T10:56:00+00:00,Volts,BBC,,,,GB,OPERATING,,,
,1006614,2014-63826,BBCADD009,DISTRIBUTION BOARDS INC LV FUSEBOARD,DB1,1,1,2010,FACILITIES,EATON MEM,AM10,,,5,1,20,2014-63826,,1,10,2014-04-25T10:57:00+00:00,Ways,BBC,,,,GB,OPERATING,,,
,1006614,2014-63827,BBCADD009,DISTRIBUTION BOARDS INC LV FUSEBOARD,DB2,1,1,2010,FACILITIES,EATON MEM,AM10,,,5,1,20,2014-63827,,1,10,2014-04-25T10:58:00+00:00,Ways,BBC,,,,GB,OPERATING,,,
,1006614,2014-63828,BBCADD009,DISTRIBUTION BOARDS INC LV FUSEBOARD,DB3,1,1,2010,FACILITIES,EATON MEM,AM4,,,5,1,20,2014-63828,,1,4,2014-04-25T10:59:00+00:00,Ways,BBC,,,,GB,OPERATING,,,
,1006615,2014-63829,BBCADD009,ELECTRIC METER,N/A,1,1,2000,FACILITIES,NO ACCESS,NO ACCESS,,,5,4,20,2014-63829,,1,No Access,2014-04-25T11:02:00+00:00,Amps,BBC,,,,GB,OPERATING,,,
,1006615,2014-63830,BBCADD009,MAIN INCOMING SWITCH,MAIN SWITCH,1,1,2005,FACILITIES,MEM,GLASGOW,,,5,1,30,2014-63830,,1,100,2014-04-25T11:04:00+00:00,Amps,BBC,,,,GB,OPERATING,,,
,1006616,2014-63700,BBCADD009,AUTO CHANGE OVER PANEL,N/A,1,1,2000,FACILITIES,SILCON,SBP-100E,,,0,1,20,2014-63700,,1,Not Present,2014-04-22T09:46:00+00:00,Volts,BBC,,,,GB,OPERATING,,,
,1006616,2014-63701,BBCADD009,UPS UNIT STATIC,N/A,1,1,2000,FACILITIES,APC,SUDPBP1,,GS0334130048,0,1,20,2014-63701,,1,9.7,2014-04-22T09:49:00+00:00,kV,BBC,,,,GB,OPERATING,,,
,1006616,2014-63702,BBCADD009,UPS UNIT STATIC,N/A,1,1,2000,FACILITIES,APC,SUDPBP1,,NO ACCESS,0,1,20,2014-63702,,1,9.7,2014-04-22T09:54:00+00:00,kV,BBC,,,,GB,OPERATING,,,
,1006616,2014-63703,BBCADD009,ELECTRIC METER,N/A,1,1,2003,FACILITIES,JW INSTRUMENTS,5196B,,,5,4,20,2014-63703,,1,100,2014-04-22T09:55:00+00:00,Amps,BBC,,,,GB,OPERATING,,,
,1006616,2014-63704,BBCADD009,DISTRIBUTION BOARDS INC LV FUSEBOARD,UPS DB NO. 102,1,1,1990,FACILITIES,SQUARE D,NOT PRESENT,,,4,1,20,2014-63704,,1,17,2014-04-22T09:56:00+00:00,Ways,BBC,,,,GB,OPERATING,,,
,1006616,2014-63705,BBCADD009,MULTI SPLIT SYSTEM INDOOR UNIT,N/A,1,1,1995,FACILITIES,DAIKIN,NOT PRESENT,,NOT PRESENT,2,2,10,2014-63705,,1,Not Present,2014-04-22T09:58:00+00:00,kW,BBC,,,,GB,OPERATING,,,
,1006616,2014-63706,BBCADD009,SPLIT SYSTEM INDOOR UNIT,N/A,1,1,2005,FACILITIES,MITSUBISHI ELECTRIC,HIGH LEVEL,,HIGH LEVEL,5,2,10,2014-63706,,1,Not Present,2014-04-22T10:00:00+00:00,kW,BBC,,,,GB,OPERATING,,,
,1006616,2014-63707,BBCADD009,DISTRIBUTION BOARDS INC LV FUSEBOARD,DB  COM,1,1,1990,FACILITIES,SQUARE D,NOT PRESENT,,,4,2,20,2014-63707,,1,8,2014-04-22T10:02:00+00:00,Ways,BBC,,,,GB,OPERATING,,,
,1006616,2014-63708,BBCADD009,DISTRIBUTION BOARDS INC LV FUSEBOARD,MAIN DB,1,1,1990,FACILITIES,MEM,EXEL,,,4,2,20,2014-63708,,1,4,2014-04-22T10:03:00+00:00,Ways,BBC,,,,GB,OPERATING,,,
,1006617,2014-63798,BBCADD009,DISTRIBUTION BOARDS INC LV FUSEBOARD,PANEL BOARD NDP-LG-01,1,1,2012,FACILITIES,SCHNEIDER ELECTRIC,NOT PRESENT,,,5,2,20,2014-63798,,1,18,2014-04-22T14:50:00+00:00,Ways,BBC,,,,GB,OPERATING,,,
,1006617,2014-63799,BBCADD009,ENERGY METER,UPS SUPPLY METER,1,1,2012,FACILITIES,SCNEIDER ELECTRIC,PM710,,,5,4,15,2014-63799,,1,,2014-04-22T14:54:00+00:00,,BBC,,,,GB,OPERATING,,,
,1006617,2014-63800,BBCADD009,ENERGY METER,UPS BYPASS SUPPLY METER,1,1,2012,FACILITIES,SCNEIDER ELECTRIC,PM710,,,5,4,15,2014-63800,,1,,2014-04-22T14:55:00+00:00,,BBC,,,,GB,OPERATING,,,
,1006617,2014-63801,BBCADD009,ENERGY METER,DB-CTA-01B METER,1,1,2012,FACILITIES,SCNEIDER ELECTRIC,PM710,,,5,4,15,2014-63801,,1,,2014-04-22T14:56:00+00:00,,BBC,,,,GB,OPERATING,,,
,1006617,2014-63802,BBCADD009,ENERGY METER,MDB-LG-01 METER,1,1,2012,FACILITIES,SCNEIDER ELECTRIC,PM710,,,5,4,15,2014-63802,,1,,2014-04-22T14:56:00+00:00,,BBC,,,,GB,OPERATING,,,
,1006617,2014-63803,BBCADD009,ENERGY METER,MDB-CTA-01 METER,1,1,2012,FACILITIES,SCNEIDER ELECTRIC,PM710,,,5,4,15,2014-63803,,1,,2014-04-22T14:57:00+00:00,,BBC,,,,GB,OPERATING,,,
,1006617,2014-63804,BBCADD009,ENERGY METER,MAINTENANCE BYPASS METER,1,1,2012,FACILITIES,SCNEIDER ELECTRIC,PM710,,,5,4,15,2014-63804,,1,,2014-04-22T14:58:00+00:00,,BBC,,,,GB,OPERATING,,,
,1006617,2014-63805,BBCADD009,LV ISOLATORS,SWITCH NDP-LG-01,1,1,2012,FACILITIES,SCHNEIDER ELECTRIC,NOT PRESENT,,,5,2,20,2014-63805,,1,,2014-04-22T15:00:00+00:00,Amps,BBC,,,,GB,OPERATING,,,
,1006618,2014-63793,BBCADD009,DISTRIBUTION BOARDS INC LV FUSEBOARD,MDB-LG-01,1,1,2013,FACILITIES,SCHNEIDER ELECTRIC,SEA9BN6,,,5,1,20,2014-63793,,1,18,2014-04-22T14:42:00+00:00,Ways,BBC,,,,GB,OPERATING,,,
,1006618,2014-63794,BBCADD009,ELECTRICAL CONTROLS,MCC1,1,1,2013,FACILITIES,NOT PRESENT,NOT PRESENT,,,5,3,10,2014-63794,,1,,2014-04-22T14:44:00+00:00,,BBC,,,,GB,OPERATING,,,
,1006618,2014-63795,BBCADD009,ENERGY METER,BBC HEAT METER,1,1,2012,FACILITIES,NOT PRESENT,NOT PRESENT,,,5,4,15,2014-63795,,1,,2014-04-22T14:44:00+00:00,,BBC,,,,GB,OPERATING,,,
,1006618,2014-63796,BBCADD009,PUMPS (CHILLED WATER CIRCULATING),BBC CTA CHW PUMP P1,1,1,2012,FACILITIES,GRUNDFOS,TPE 40-240/2 A-F-A-BAQE,,NOT PRESENT,5,2,20,2014-63796,,1,N/A,2014-04-22T14:46:00+00:00,kW,BBC,,,,GB,OPERATING,,,
,1006618,2014-63797,BBCADD009,PUMPS (CHILLED WATER CIRCULATING),BBC CTA CHW PUMP P2,1,1,2012,FACILITIES,GRUNDFOS,TPE 40-240/2 A-F-A-BAQE,,NOT PRESENT,5,2,20,2014-63797,,1,N/A,2014-04-22T14:47:00+00:00,kW,BBC,,,,GB,OPERATING,,,
,1006619,2014-63806,BBCADD009,SPLIT SYSTEM OUTDOOR UNIT,N/A,1,1,2009,FACILITIES,MITSUBISHI ELECTRIC,PUHZ-RP140VHA2,,68UO1267,5,2,10,2014-63806,,1,Not Present,2014-04-22T15:03:00+00:00,kW,BBC,,,,GB,OPERATING,,,
,1006620,2014-63821,BBCADD009,ACCESS CONTROL SYSTEM,N/A,1,1,2005,FACILITIES,NOT PRESENT,NOT PRESENT,,NOT PRESENT,5,3,15,2014-63821,,1,,2014-04-25T10:41:00+00:00,,BBC,,,,GB,OPERATING,,,
,1006621,2014-63831,BBCADD009,DISTRIBUTION BOARDS INC LV FUSEBOARD,DB4,1,1,2010,FACILITIES,EATON MEM,AM10,,,5,1,20,2014-63831,,1,10,2014-04-25T11:12:00+00:00,Ways,BBC,,,,GB,OPERATING,,,