DATALOAD,IRV_PM,,EN
PMNUM,DESCRIPTION,ASSETNUM,LOCATION,FREQUENCY,FREQUNIT,JPNUM,ADJNEXTDATE,ALERTLEAD,DOWNTIME,HASCHILDREN,HASLD,INTERRUPTIBLE,LEADTIME,LOCKFORECAST,LTDPMCOUNTER,OVERRIDEMASTERUPD,PLUSCDUEDATE,PMACTMETER,PMASSETWOGEN,PMCOUNTER,REFORECAST,REQASSTDWNTIME,SCHEDEARLY,SUNDAY,MONDAY,TUESDAY,WEDNESDAY,THURSDAY,FRIDAY,SATURDAY,INCLFORECAST,JPSEQINUSE,PARENTCHGSSTATUS,USEFREQUENCY,USETARGETDATE,TARGSTARTTIME,NEXTDATE,STATUS,LANGCODE,SITEID,ORGID,STORELOC,WORKTYPE,WOSTATUS,GLACCOUNT,CREWID,ROUTE,OWNER,LEAD,PERSONGROUP,OWNERGROUP,VENDOR,SUPERVISOR,PRIORITY
BBC200001,AIR HANDLING UNIT  ,2014-33416,,1,MONTHS,BBCAHU05,0,0,0,0,0,0,0,0,0,0,0,0,0,0,0,0,0,1,1,1,1,1,1,1,1,Y,1,1,Y,1970-01-01T00:00:00+01:00,2014-07-14T00:00:00+00:00,ACTIVE,EN,GB,UK,GB,PPM,WSCH,??????????-MEPMXF,,,,,,,,,
BBC200002,BOILER ATMOSPHERIC GAS FIRED  ,2014-33380,,6,MONTHS,BBCBGF01,0,0,0,0,0,0,0,0,0,0,0,0,0,0,0,0,0,1,1,1,1,1,1,1,1,Y,1,1,Y,1970-01-01T00:00:00+01:00,2014-07-14T00:00:00+00:00,ACTIVE,EN,GB,UK,GB,PPM,WSCH,??????????-MEPMXF,,,,,,,,,
BBC200003,BOILER ATMOSPHERIC GAS FIRED  ,2014-33381,,6,MONTHS,BBCBGF01,0,0,0,0,0,0,0,0,0,0,0,0,0,0,0,0,0,1,1,1,1,1,1,1,1,Y,1,1,Y,1970-01-01T00:00:00+01:00,2014-07-14T00:00:00+00:00,ACTIVE,EN,GB,UK,GB,PPM,WSCH,??????????-MEPMXF,,,,,,,,,
BBC200004,BOILER ATMOSPHERIC GAS FIRED  ,2014-33382,,6,MONTHS,BBCBGF01,0,0,0,0,0,0,0,0,0,0,0,0,0,0,0,0,0,1,1,1,1,1,1,1,1,Y,1,1,Y,1970-01-01T00:00:00+01:00,2014-07-14T00:00:00+00:00,ACTIVE,EN,GB,UK,GB,PPM,WSCH,??????????-MEPMXF,,,,,,,,,
BBC200005,BOILER ATMOSPHERIC GAS FIRED  ,2014-33383,,6,MONTHS,BBCBGF01,0,0,0,0,0,0,0,0,0,0,0,0,0,0,0,0,0,1,1,1,1,1,1,1,1,Y,1,1,Y,1970-01-01T00:00:00+01:00,2014-07-14T00:00:00+00:00,ACTIVE,EN,GB,UK,GB,PPM,WSCH,??????????-MEPMXF,,,,,,,,,
BBC200006,EMERGENCY & GAS SHUT-OFF VALVES  ,2014-33391,,3,MONTHS,BBCGSV01,0,0,0,0,0,0,0,0,0,0,0,0,0,0,0,0,0,1,1,1,1,1,1,1,1,Y,1,1,Y,1970-01-01T00:00:00+01:00,2014-07-14T00:00:00+00:00,ACTIVE,EN,GB,UK,GB,PPM,WSCH,??????????-MEPMXF,,,,,,,,,
BBC200007,PERSONAL ATTACK & INTRUDER ALARM SYSTEMS  ,,1004007,6,MONTHS,BBCPAI01,0,0,0,0,0,0,0,0,0,0,0,0,0,0,0,0,0,1,1,1,1,1,1,1,1,Y,1,1,Y,1970-01-01T00:00:00+01:00,2014-07-14T00:00:00+00:00,ACTIVE,EN,GB,UK,GB,PPM,WSCH,??????????-MEPMXF,,,,,,,,,
BBC200008,FIRE ALARM & DETECTION SYSTEM  ,2014-33402,,1,MONTHS,BBCFAS01,0,0,0,0,0,0,0,0,0,0,0,0,0,0,0,0,0,1,1,1,1,1,1,1,1,Y,1,1,Y,1970-01-01T00:00:00+01:00,2014-07-14T00:00:00+00:00,ACTIVE,EN,GB,UK,GB,PPM,WSCH,??????????-MEPMXF,,,,,,,,,
BBC200009,FIRE ALARM & DETECTION SYSTEM  ,2014-33483,,1,MONTHS,BBCFAS01,0,0,0,0,0,0,0,0,0,0,0,0,0,0,0,0,0,1,1,1,1,1,1,1,1,Y,1,1,Y,1970-01-01T00:00:00+01:00,2014-07-14T00:00:00+00:00,ACTIVE,EN,GB,UK,GB,PPM,WSCH,??????????-MEPMXF,,,,,,,,,
BBC200010,FIRE ALARM & DETECTION SYSTEM  ,2014-33484,,1,MONTHS,BBCFAS01,0,0,0,0,0,0,0,0,0,0,0,0,0,0,0,0,0,1,1,1,1,1,1,1,1,Y,1,1,Y,1970-01-01T00:00:00+01:00,2014-07-14T00:00:00+00:00,ACTIVE,EN,GB,UK,GB,PPM,WSCH,??????????-MEPMXF,,,,,,,,,
BBC200012,METER READING (WATER)  ,2014-33424,,1,MONTHS,BBCMTR01,0,0,0,0,0,0,0,0,0,0,0,0,0,0,0,0,0,1,1,1,1,1,1,1,1,Y,1,1,Y,1970-01-01T00:00:00+01:00,2014-07-14T00:00:00+00:00,ACTIVE,EN,GB,UK,GB,PPM,WSCH,??????????-MEPMXF,,,,,,,,,
BBC200013,METER READING (ELECTRIC)  ,2014-33395,,1,MONTHS,BBCMTR01,0,0,0,0,0,0,0,0,0,0,0,0,0,0,0,0,0,1,1,1,1,1,1,1,1,Y,1,1,Y,1970-01-01T00:00:00+01:00,2014-07-14T00:00:00+00:00,ACTIVE,EN,GB,UK,GB,PPM,WSCH,??????????-MEPMXF,,,,,,,,,
BBC200014,METER READING (GAS)  ,2014-33459,,1,MONTHS,BBCMTR01,0,0,0,0,0,0,0,0,0,0,0,0,0,0,0,0,0,1,1,1,1,1,1,1,1,Y,1,1,Y,1970-01-01T00:00:00+01:00,2014-07-14T00:00:00+00:00,ACTIVE,EN,GB,UK,GB,PPM,WSCH,??????????-MEPMXF,,,,,,,,,
BBC200015,PDU’S & DISTRIBUTION BOARDS  ,2014-33392,,3,MONTHS,BBCPDB01,0,0,0,0,0,0,0,0,0,0,0,0,0,0,0,0,0,1,1,1,1,1,1,1,1,Y,1,1,Y,1970-01-01T00:00:00+01:00,2014-07-14T00:00:00+00:00,ACTIVE,EN,GB,UK,GB,PPM,WSCH,??????????-MEPMXF,,,,,,,,,
BBC200016,PDU’S & DISTRIBUTION BOARDS  ,2014-33393,,3,MONTHS,BBCPDB01,0,0,0,0,0,0,0,0,0,0,0,0,0,0,0,0,0,1,1,1,1,1,1,1,1,Y,1,1,Y,1970-01-01T00:00:00+01:00,2014-07-14T00:00:00+00:00,ACTIVE,EN,GB,UK,GB,PPM,WSCH,??????????-MEPMXF,,,,,,,,,
BBC200017,PDU’S & DISTRIBUTION BOARDS  ,2014-33394,,3,MONTHS,BBCPDB01,0,0,0,0,0,0,0,0,0,0,0,0,0,0,0,0,0,1,1,1,1,1,1,1,1,Y,1,1,Y,1970-01-01T00:00:00+01:00,2014-07-14T00:00:00+00:00,ACTIVE,EN,GB,UK,GB,PPM,WSCH,??????????-MEPMXF,,,,,,,,,
BBC200018,PDU’S & DISTRIBUTION BOARDS  ,2014-33397,,3,MONTHS,BBCPDB01,0,0,0,0,0,0,0,0,0,0,0,0,0,0,0,0,0,1,1,1,1,1,1,1,1,Y,1,1,Y,1970-01-01T00:00:00+01:00,2014-07-14T00:00:00+00:00,ACTIVE,EN,GB,UK,GB,PPM,WSCH,??????????-MEPMXF,,,,,,,,,
BBC200019,PDU’S & DISTRIBUTION BOARDS  ,2014-33403,,3,MONTHS,BBCPDB01,0,0,0,0,0,0,0,0,0,0,0,0,0,0,0,0,0,1,1,1,1,1,1,1,1,Y,1,1,Y,1970-01-01T00:00:00+01:00,2014-07-14T00:00:00+00:00,ACTIVE,EN,GB,UK,GB,PPM,WSCH,??????????-MEPMXF,,,,,,,,,
BBC200020,PDU’S & DISTRIBUTION BOARDS  ,2014-33404,,3,MONTHS,BBCPDB01,0,0,0,0,0,0,0,0,0,0,0,0,0,0,0,0,0,1,1,1,1,1,1,1,1,Y,1,1,Y,1970-01-01T00:00:00+01:00,2014-07-14T00:00:00+00:00,ACTIVE,EN,GB,UK,GB,PPM,WSCH,??????????-MEPMXF,,,,,,,,,
BBC200021,PDU’S & DISTRIBUTION BOARDS  ,2014-33412,,3,MONTHS,BBCPDB01,0,0,0,0,0,0,0,0,0,0,0,0,0,0,0,0,0,1,1,1,1,1,1,1,1,Y,1,1,Y,1970-01-01T00:00:00+01:00,2014-07-14T00:00:00+00:00,ACTIVE,EN,GB,UK,GB,PPM,WSCH,??????????-MEPMXF,,,,,,,,,
BBC200022,PDU’S & DISTRIBUTION BOARDS  ,2014-33413,,3,MONTHS,BBCPDB01,0,0,0,0,0,0,0,0,0,0,0,0,0,0,0,0,0,1,1,1,1,1,1,1,1,Y,1,1,Y,1970-01-01T00:00:00+01:00,2014-07-14T00:00:00+00:00,ACTIVE,EN,GB,UK,GB,PPM,WSCH,??????????-MEPMXF,,,,,,,,,
BBC200023,PDU’S & DISTRIBUTION BOARDS  ,2014-33418,,3,MONTHS,BBCPDB01,0,0,0,0,0,0,0,0,0,0,0,0,0,0,0,0,0,1,1,1,1,1,1,1,1,Y,1,1,Y,1970-01-01T00:00:00+01:00,2014-07-14T00:00:00+00:00,ACTIVE,EN,GB,UK,GB,PPM,WSCH,??????????-MEPMXF,,,,,,,,,
BBC200024,PDU’S & DISTRIBUTION BOARDS  ,2014-33428,,3,MONTHS,BBCPDB01,0,0,0,0,0,0,0,0,0,0,0,0,0,0,0,0,0,1,1,1,1,1,1,1,1,Y,1,1,Y,1970-01-01T00:00:00+01:00,2014-07-14T00:00:00+00:00,ACTIVE,EN,GB,UK,GB,PPM,WSCH,??????????-MEPMXF,,,,,,,,,
BBC200025,PDU’S & DISTRIBUTION BOARDS  ,2014-33429,,3,MONTHS,BBCPDB01,0,0,0,0,0,0,0,0,0,0,0,0,0,0,0,0,0,1,1,1,1,1,1,1,1,Y,1,1,Y,1970-01-01T00:00:00+01:00,2014-07-14T00:00:00+00:00,ACTIVE,EN,GB,UK,GB,PPM,WSCH,??????????-MEPMXF,,,,,,,,,
BBC200026,PDU’S & DISTRIBUTION BOARDS  ,2014-33430,,3,MONTHS,BBCPDB01,0,0,0,0,0,0,0,0,0,0,0,0,0,0,0,0,0,1,1,1,1,1,1,1,1,Y,1,1,Y,1970-01-01T00:00:00+01:00,2014-07-14T00:00:00+00:00,ACTIVE,EN,GB,UK,GB,PPM,WSCH,??????????-MEPMXF,,,,,,,,,
BBC200027,PDU’S & DISTRIBUTION BOARDS  ,2014-33436,,3,MONTHS,BBCPDB01,0,0,0,0,0,0,0,0,0,0,0,0,0,0,0,0,0,1,1,1,1,1,1,1,1,Y,1,1,Y,1970-01-01T00:00:00+01:00,2014-07-14T00:00:00+00:00,ACTIVE,EN,GB,UK,GB,PPM,WSCH,??????????-MEPMXF,,,,,,,,,
BBC200028,PDU’S & DISTRIBUTION BOARDS  ,2014-33437,,3,MONTHS,BBCPDB01,0,0,0,0,0,0,0,0,0,0,0,0,0,0,0,0,0,1,1,1,1,1,1,1,1,Y,1,1,Y,1970-01-01T00:00:00+01:00,2014-07-14T00:00:00+00:00,ACTIVE,EN,GB,UK,GB,PPM,WSCH,??????????-MEPMXF,,,,,,,,,
BBC200029,PDU’S & DISTRIBUTION BOARDS  ,2014-33438,,3,MONTHS,BBCPDB01,0,0,0,0,0,0,0,0,0,0,0,0,0,0,0,0,0,1,1,1,1,1,1,1,1,Y,1,1,Y,1970-01-01T00:00:00+01:00,2014-07-14T00:00:00+00:00,ACTIVE,EN,GB,UK,GB,PPM,WSCH,??????????-MEPMXF,,,,,,,,,
BBC200030,PDU’S & DISTRIBUTION BOARDS  ,2014-33443,,3,MONTHS,BBCPDB01,0,0,0,0,0,0,0,0,0,0,0,0,0,0,0,0,0,1,1,1,1,1,1,1,1,Y,1,1,Y,1970-01-01T00:00:00+01:00,2014-07-14T00:00:00+00:00,ACTIVE,EN,GB,UK,GB,PPM,WSCH,??????????-MEPMXF,,,,,,,,,
BBC200031,PDU’S & DISTRIBUTION BOARDS  ,2014-33444,,3,MONTHS,BBCPDB01,0,0,0,0,0,0,0,0,0,0,0,0,0,0,0,0,0,1,1,1,1,1,1,1,1,Y,1,1,Y,1970-01-01T00:00:00+01:00,2014-07-14T00:00:00+00:00,ACTIVE,EN,GB,UK,GB,PPM,WSCH,??????????-MEPMXF,,,,,,,,,
BBC200032,PDU’S & DISTRIBUTION BOARDS  ,2014-33445,,3,MONTHS,BBCPDB01,0,0,0,0,0,0,0,0,0,0,0,0,0,0,0,0,0,1,1,1,1,1,1,1,1,Y,1,1,Y,1970-01-01T00:00:00+01:00,2014-07-14T00:00:00+00:00,ACTIVE,EN,GB,UK,GB,PPM,WSCH,??????????-MEPMXF,,,,,,,,,
BBC200033,PDU’S & DISTRIBUTION BOARDS  ,2014-33450,,3,MONTHS,BBCPDB01,0,0,0,0,0,0,0,0,0,0,0,0,0,0,0,0,0,1,1,1,1,1,1,1,1,Y,1,1,Y,1970-01-01T00:00:00+01:00,2014-07-14T00:00:00+00:00,ACTIVE,EN,GB,UK,GB,PPM,WSCH,??????????-MEPMXF,,,,,,,,,
BBC200034,PDU’S & DISTRIBUTION BOARDS  ,2014-33451,,3,MONTHS,BBCPDB01,0,0,0,0,0,0,0,0,0,0,0,0,0,0,0,0,0,1,1,1,1,1,1,1,1,Y,1,1,Y,1970-01-01T00:00:00+01:00,2014-07-14T00:00:00+00:00,ACTIVE,EN,GB,UK,GB,PPM,WSCH,??????????-MEPMXF,,,,,,,,,
BBC200035,PDU’S & DISTRIBUTION BOARDS  ,2014-33452,,3,MONTHS,BBCPDB01,0,0,0,0,0,0,0,0,0,0,0,0,0,0,0,0,0,1,1,1,1,1,1,1,1,Y,1,1,Y,1970-01-01T00:00:00+01:00,2014-07-14T00:00:00+00:00,ACTIVE,EN,GB,UK,GB,PPM,WSCH,??????????-MEPMXF,,,,,,,,,
BBC200036,PDU’S & DISTRIBUTION BOARDS  ,2014-33461,,3,MONTHS,BBCPDB01,0,0,0,0,0,0,0,0,0,0,0,0,0,0,0,0,0,1,1,1,1,1,1,1,1,Y,1,1,Y,1970-01-01T00:00:00+01:00,2014-07-14T00:00:00+00:00,ACTIVE,EN,GB,UK,GB,PPM,WSCH,??????????-MEPMXF,,,,,,,,,
BBC200037,PDU’S & DISTRIBUTION BOARDS  ,2014-33462,,3,MONTHS,BBCPDB01,0,0,0,0,0,0,0,0,0,0,0,0,0,0,0,0,0,1,1,1,1,1,1,1,1,Y,1,1,Y,1970-01-01T00:00:00+01:00,2014-07-14T00:00:00+00:00,ACTIVE,EN,GB,UK,GB,PPM,WSCH,??????????-MEPMXF,,,,,,,,,
BBC200038,PDU’S & DISTRIBUTION BOARDS  ,2014-33468,,3,MONTHS,BBCPDB01,0,0,0,0,0,0,0,0,0,0,0,0,0,0,0,0,0,1,1,1,1,1,1,1,1,Y,1,1,Y,1970-01-01T00:00:00+01:00,2014-07-14T00:00:00+00:00,ACTIVE,EN,GB,UK,GB,PPM,WSCH,??????????-MEPMXF,,,,,,,,,
BBC200039,PDU’S & DISTRIBUTION BOARDS  ,2014-33472,,3,MONTHS,BBCPDB01,0,0,0,0,0,0,0,0,0,0,0,0,0,0,0,0,0,1,1,1,1,1,1,1,1,Y,1,1,Y,1970-01-01T00:00:00+01:00,2014-07-14T00:00:00+00:00,ACTIVE,EN,GB,UK,GB,PPM,WSCH,??????????-MEPMXF,,,,,,,,,
BBC200040,PDU’S & DISTRIBUTION BOARDS  ,2014-33474,,3,MONTHS,BBCPDB01,0,0,0,0,0,0,0,0,0,0,0,0,0,0,0,0,0,1,1,1,1,1,1,1,1,Y,1,1,Y,1970-01-01T00:00:00+01:00,2014-07-14T00:00:00+00:00,ACTIVE,EN,GB,UK,GB,PPM,WSCH,??????????-MEPMXF,,,,,,,,,
BBC200041,PDU’S & DISTRIBUTION BOARDS  ,2014-33475,,3,MONTHS,BBCPDB01,0,0,0,0,0,0,0,0,0,0,0,0,0,0,0,0,0,1,1,1,1,1,1,1,1,Y,1,1,Y,1970-01-01T00:00:00+01:00,2014-07-14T00:00:00+00:00,ACTIVE,EN,GB,UK,GB,PPM,WSCH,??????????-MEPMXF,,,,,,,,,
BBC200042,PDU’S & DISTRIBUTION BOARDS  ,2014-33477,,3,MONTHS,BBCPDB01,0,0,0,0,0,0,0,0,0,0,0,0,0,0,0,0,0,1,1,1,1,1,1,1,1,Y,1,1,Y,1970-01-01T00:00:00+01:00,2014-07-14T00:00:00+00:00,ACTIVE,EN,GB,UK,GB,PPM,WSCH,??????????-MEPMXF,,,,,,,,,
BBC200043,PDU’S & DISTRIBUTION BOARDS  ,2014-33478,,3,MONTHS,BBCPDB01,0,0,0,0,0,0,0,0,0,0,0,0,0,0,0,0,0,1,1,1,1,1,1,1,1,Y,1,1,Y,1970-01-01T00:00:00+01:00,2014-07-14T00:00:00+00:00,ACTIVE,EN,GB,UK,GB,PPM,WSCH,??????????-MEPMXF,,,,,,,,,
BBC200044,PDU’S & DISTRIBUTION BOARDS  ,2014-33479,,3,MONTHS,BBCPDB01,0,0,0,0,0,0,0,0,0,0,0,0,0,0,0,0,0,1,1,1,1,1,1,1,1,Y,1,1,Y,1970-01-01T00:00:00+01:00,2014-07-14T00:00:00+00:00,ACTIVE,EN,GB,UK,GB,PPM,WSCH,??????????-MEPMXF,,,,,,,,,
BBC200045,PDU’S & DISTRIBUTION BOARDS  ,2014-33480,,3,MONTHS,BBCPDB01,0,0,0,0,0,0,0,0,0,0,0,0,0,0,0,0,0,1,1,1,1,1,1,1,1,Y,1,1,Y,1970-01-01T00:00:00+01:00,2014-07-14T00:00:00+00:00,ACTIVE,EN,GB,UK,GB,PPM,WSCH,??????????-MEPMXF,,,,,,,,,
BBC200046,PDU’S & DISTRIBUTION BOARDS  ,2014-33482,,3,MONTHS,BBCPDB01,0,0,0,0,0,0,0,0,0,0,0,0,0,0,0,0,0,1,1,1,1,1,1,1,1,Y,1,1,Y,1970-01-01T00:00:00+01:00,2014-07-14T00:00:00+00:00,ACTIVE,EN,GB,UK,GB,PPM,WSCH,??????????-MEPMXF,,,,,,,,,
BBC200047,GENERAL INPECTION OF INTERNAL  FABRIC  ,,1004001,1,YEARS,BBCFAB01,0,0,0,0,0,0,0,0,0,0,0,0,0,0,0,0,0,1,1,1,1,1,1,1,1,Y,1,1,Y,1970-01-01T00:00:00+01:00,2014-07-14T00:00:00+00:00,ACTIVE,EN,GB,UK,GB,PPM,WSCH,??????????-MEPMXF,,,,,,,,,
BBC200048,GENERAL INPECTION OF INTERNAL  FABRIC  ,,1004002,1,YEARS,BBCFAB01,0,0,0,0,0,0,0,0,0,0,0,0,0,0,0,0,0,1,1,1,1,1,1,1,1,Y,1,1,Y,1970-01-01T00:00:00+01:00,2014-07-14T00:00:00+00:00,ACTIVE,EN,GB,UK,GB,PPM,WSCH,??????????-MEPMXF,,,,,,,,,
BBC200049,GENERAL INPECTION OF INTERNAL  FABRIC  ,,1004003,1,YEARS,BBCFAB01,0,0,0,0,0,0,0,0,0,0,0,0,0,0,0,0,0,1,1,1,1,1,1,1,1,Y,1,1,Y,1970-01-01T00:00:00+01:00,2014-07-14T00:00:00+00:00,ACTIVE,EN,GB,UK,GB,PPM,WSCH,??????????-MEPMXF,,,,,,,,,
BBC200050,GENERAL INPECTION OF INTERNAL  FABRIC  ,,1004002,1,YEARS,BBCFAB01,0,0,0,0,0,0,0,0,0,0,0,0,0,0,0,0,0,1,1,1,1,1,1,1,1,Y,1,1,Y,1970-01-01T00:00:00+01:00,2014-07-14T00:00:00+00:00,ACTIVE,EN,GB,UK,GB,PPM,WSCH,??????????-MEPMXF,,,,,,,,,
BBC200051,GENERAL INPECTION OF INTERNAL  FABRIC  ,,1004005,1,YEARS,BBCFAB01,0,0,0,0,0,0,0,0,0,0,0,0,0,0,0,0,0,1,1,1,1,1,1,1,1,Y,1,1,Y,1970-01-01T00:00:00+01:00,2014-07-14T00:00:00+00:00,ACTIVE,EN,GB,UK,GB,PPM,WSCH,??????????-MEPMXF,,,,,,,,,
BBC200052,GENERAL INPECTION OF INTERNAL  FABRIC  ,,1004006,1,YEARS,BBCFAB01,0,0,0,0,0,0,0,0,0,0,0,0,0,0,0,0,0,1,1,1,1,1,1,1,1,Y,1,1,Y,1970-01-01T00:00:00+01:00,2014-07-14T00:00:00+00:00,ACTIVE,EN,GB,UK,GB,PPM,WSCH,??????????-MEPMXF,,,,,,,,,
BBC200053,MANUAL DOSING POT (CHEMICAL TREATMENT MONITORING)  ,2014-33389,,3,MONTHS,BBCMDP01,0,0,0,0,0,0,0,0,0,0,0,0,0,0,0,0,0,1,1,1,1,1,1,1,1,Y,1,1,Y,1970-01-01T00:00:00+01:00,2014-07-14T00:00:00+00:00,ACTIVE,EN,GB,UK,GB,PPM,WSCH,??????????-MEPMXF,,,,,,,,,
BBC200054,"SEWERS, DRAINS & GUTTERS  ",,1004001,1,WEEKS,BBCSDG01,0,0,0,0,0,0,0,0,0,0,0,0,0,0,0,0,0,1,1,1,1,1,1,1,1,Y,1,1,Y,1970-01-01T00:00:00+01:00,2014-07-14T00:00:00+00:00,ACTIVE,EN,GB,UK,GB,PPM,WSCH,??????????-MEPMXF,,,,,,,,,
BBC200055,"SEWERS, DRAINS & GUTTERS  ",,1004002,1,WEEKS,BBCSDG01,0,0,0,0,0,0,0,0,0,0,0,0,0,0,0,0,0,1,1,1,1,1,1,1,1,Y,1,1,Y,1970-01-01T00:00:00+01:00,2014-07-14T00:00:00+00:00,ACTIVE,EN,GB,UK,GB,PPM,WSCH,??????????-MEPMXF,,,,,,,,,
BBC200056,"SEWERS, DRAINS & GUTTERS  ",,1004003,1,WEEKS,BBCSDG01,0,0,0,0,0,0,0,0,0,0,0,0,0,0,0,0,0,1,1,1,1,1,1,1,1,Y,1,1,Y,1970-01-01T00:00:00+01:00,2014-07-14T00:00:00+00:00,ACTIVE,EN,GB,UK,GB,PPM,WSCH,??????????-MEPMXF,,,,,,,,,
BBC200057,"SEWERS, DRAINS & GUTTERS  ",,1004002,1,WEEKS,BBCSDG01,0,0,0,0,0,0,0,0,0,0,0,0,0,0,0,0,0,1,1,1,1,1,1,1,1,Y,1,1,Y,1970-01-01T00:00:00+01:00,2014-07-14T00:00:00+00:00,ACTIVE,EN,GB,UK,GB,PPM,WSCH,??????????-MEPMXF,,,,,,,,,
BBC200058,"SEWERS, DRAINS & GUTTERS  ",,1004005,1,WEEKS,BBCSDG01,0,0,0,0,0,0,0,0,0,0,0,0,0,0,0,0,0,1,1,1,1,1,1,1,1,Y,1,1,Y,1970-01-01T00:00:00+01:00,2014-07-14T00:00:00+00:00,ACTIVE,EN,GB,UK,GB,PPM,WSCH,??????????-MEPMXF,,,,,,,,,
BBC200059,"SEWERS, DRAINS & GUTTERS  ",,1004006,1,WEEKS,BBCSDG01,0,0,0,0,0,0,0,0,0,0,0,0,0,0,0,0,0,1,1,1,1,1,1,1,1,Y,1,1,Y,1970-01-01T00:00:00+01:00,2014-07-14T00:00:00+00:00,ACTIVE,EN,GB,UK,GB,PPM,WSCH,??????????-MEPMXF,,,,,,,,,
BBC200060,EARTHING & EARTH BONDING   ,2014-33396,,1,YEARS,BBCEEB01,0,0,0,0,0,0,0,0,0,0,0,0,0,0,0,0,0,1,1,1,1,1,1,1,1,Y,1,1,Y,1970-01-01T00:00:00+01:00,2014-07-14T00:00:00+00:00,ACTIVE,EN,GB,UK,GB,PPM,WSCH,??????????-MEPMXF,,,,,,,,,
BBC200061,ELECTRIC WATER HEATER (ALL TYPES)  ,2014-33401,,1,YEARS,BBCEWH01,0,0,0,0,0,0,0,0,0,0,0,0,0,0,0,0,0,1,1,1,1,1,1,1,1,Y,1,1,Y,1970-01-01T00:00:00+01:00,2014-07-14T00:00:00+00:00,ACTIVE,EN,GB,UK,GB,PPM,WSCH,??????????-MEPMXF,,,,,,,,,
BBC200062,ELECTRIC WATER HEATER (ALL TYPES)  ,2014-33406,,1,YEARS,BBCEWH01,0,0,0,0,0,0,0,0,0,0,0,0,0,0,0,0,0,1,1,1,1,1,1,1,1,Y,1,1,Y,1970-01-01T00:00:00+01:00,2014-07-14T00:00:00+00:00,ACTIVE,EN,GB,UK,GB,PPM,WSCH,??????????-MEPMXF,,,,,,,,,
BBC200063,ELECTRIC WATER HEATER (ALL TYPES)  ,2014-33432,,1,YEARS,BBCEWH01,0,0,0,0,0,0,0,0,0,0,0,0,0,0,0,0,0,1,1,1,1,1,1,1,1,Y,1,1,Y,1970-01-01T00:00:00+01:00,2014-07-14T00:00:00+00:00,ACTIVE,EN,GB,UK,GB,PPM,WSCH,??????????-MEPMXF,,,,,,,,,
BBC200064,ELECTRIC WATER HEATER (ALL TYPES)  ,2014-33440,,1,YEARS,BBCEWH01,0,0,0,0,0,0,0,0,0,0,0,0,0,0,0,0,0,1,1,1,1,1,1,1,1,Y,1,1,Y,1970-01-01T00:00:00+01:00,2014-07-14T00:00:00+00:00,ACTIVE,EN,GB,UK,GB,PPM,WSCH,??????????-MEPMXF,,,,,,,,,
BBC200065,ELECTRIC WATER HEATER (ALL TYPES)  ,2014-33447,,1,YEARS,BBCEWH01,0,0,0,0,0,0,0,0,0,0,0,0,0,0,0,0,0,1,1,1,1,1,1,1,1,Y,1,1,Y,1970-01-01T00:00:00+01:00,2014-07-14T00:00:00+00:00,ACTIVE,EN,GB,UK,GB,PPM,WSCH,??????????-MEPMXF,,,,,,,,,
BBC200066,ELECTRIC WATER HEATER (ALL TYPES)  ,2014-33454,,1,YEARS,BBCEWH01,0,0,0,0,0,0,0,0,0,0,0,0,0,0,0,0,0,1,1,1,1,1,1,1,1,Y,1,1,Y,1970-01-01T00:00:00+01:00,2014-07-14T00:00:00+00:00,ACTIVE,EN,GB,UK,GB,PPM,WSCH,??????????-MEPMXF,,,,,,,,,
BBC200067,ELECTRIC WATER HEATER (ALL TYPES)  ,2014-33481,,1,YEARS,BBCEWH01,0,0,0,0,0,0,0,0,0,0,0,0,0,0,0,0,0,1,1,1,1,1,1,1,1,Y,1,1,Y,1970-01-01T00:00:00+01:00,2014-07-14T00:00:00+00:00,ACTIVE,EN,GB,UK,GB,PPM,WSCH,??????????-MEPMXF,,,,,,,,,
BBC200068,CONTROL PANEL  ,2014-33379,,3,MONTHS,BBCCPL01,0,0,0,0,0,0,0,0,0,0,0,0,0,0,0,0,0,1,1,1,1,1,1,1,1,Y,1,1,Y,1970-01-01T00:00:00+01:00,2014-07-14T00:00:00+00:00,ACTIVE,EN,GB,UK,GB,PPM,WSCH,??????????-MEPMXF,,,,,,,,,
BBC200069,CONTROL PANEL  ,2014-33411,,3,MONTHS,BBCCPL01,0,0,0,0,0,0,0,0,0,0,0,0,0,0,0,0,0,1,1,1,1,1,1,1,1,Y,1,1,Y,1970-01-01T00:00:00+01:00,2014-07-14T00:00:00+00:00,ACTIVE,EN,GB,UK,GB,PPM,WSCH,??????????-MEPMXF,,,,,,,,,
BBC200070,CONTROL PANEL  ,2014-33417,,3,MONTHS,BBCCPL01,0,0,0,0,0,0,0,0,0,0,0,0,0,0,0,0,0,1,1,1,1,1,1,1,1,Y,1,1,Y,1970-01-01T00:00:00+01:00,2014-07-14T00:00:00+00:00,ACTIVE,EN,GB,UK,GB,PPM,WSCH,??????????-MEPMXF,,,,,,,,,
BBC200071,ELECTRIC TRACE HEATING  ,2014-33425,,3,MONTHS,BBCTHG01,0,0,0,0,0,0,0,0,0,0,0,0,0,0,0,0,0,1,1,1,1,1,1,1,1,Y,1,1,Y,1970-01-01T00:00:00+01:00,2014-07-14T00:00:00+00:00,ACTIVE,EN,GB,UK,GB,PPM,WSCH,??????????-MEPMXF,,,,,,,,,
BBC200072,EMERGENCY LIGHTING (ALL TYPES)  ,,1004001,1,MONTHS,BBCELT01,0,0,0,0,0,0,0,0,0,0,0,0,0,0,0,0,0,1,1,1,1,1,1,1,1,Y,1,1,Y,1970-01-01T00:00:00+01:00,2014-07-14T00:00:00+00:00,ACTIVE,EN,GB,UK,GB,PPM,WSCH,??????????-MEPMXF,,,,,,,,,
BBC200073,EMERGENCY LIGHTING (ALL TYPES)  ,,1004002,1,MONTHS,BBCELT01,0,0,0,0,0,0,0,0,0,0,0,0,0,0,0,0,0,1,1,1,1,1,1,1,1,Y,1,1,Y,1970-01-01T00:00:00+01:00,2014-07-14T00:00:00+00:00,ACTIVE,EN,GB,UK,GB,PPM,WSCH,??????????-MEPMXF,,,,,,,,,
BBC200074,EMERGENCY LIGHTING (ALL TYPES)  ,,1004003,1,MONTHS,BBCELT01,0,0,0,0,0,0,0,0,0,0,0,0,0,0,0,0,0,1,1,1,1,1,1,1,1,Y,1,1,Y,1970-01-01T00:00:00+01:00,2014-07-14T00:00:00+00:00,ACTIVE,EN,GB,UK,GB,PPM,WSCH,??????????-MEPMXF,,,,,,,,,
BBC200075,EMERGENCY LIGHTING (ALL TYPES)  ,,1004002,1,MONTHS,BBCELT01,0,0,0,0,0,0,0,0,0,0,0,0,0,0,0,0,0,1,1,1,1,1,1,1,1,Y,1,1,Y,1970-01-01T00:00:00+01:00,2014-07-14T00:00:00+00:00,ACTIVE,EN,GB,UK,GB,PPM,WSCH,??????????-MEPMXF,,,,,,,,,
BBC200076,EMERGENCY LIGHTING (ALL TYPES)  ,,1004005,1,MONTHS,BBCELT01,0,0,0,0,0,0,0,0,0,0,0,0,0,0,0,0,0,1,1,1,1,1,1,1,1,Y,1,1,Y,1970-01-01T00:00:00+01:00,2014-07-14T00:00:00+00:00,ACTIVE,EN,GB,UK,GB,PPM,WSCH,??????????-MEPMXF,,,,,,,,,
BBC200077,EMERGENCY LIGHTING (ALL TYPES)  ,,1004006,1,MONTHS,BBCELT01,0,0,0,0,0,0,0,0,0,0,0,0,0,0,0,0,0,1,1,1,1,1,1,1,1,Y,1,1,Y,1970-01-01T00:00:00+01:00,2014-07-14T00:00:00+00:00,ACTIVE,EN,GB,UK,GB,PPM,WSCH,??????????-MEPMXF,,,,,,,,,
BBC200078,EMERGENCY LIGHTING (ALL TYPES)  ,,1004007,1,MONTHS,BBCELT01,0,0,0,0,0,0,0,0,0,0,0,0,0,0,0,0,0,1,1,1,1,1,1,1,1,Y,1,1,Y,1970-01-01T00:00:00+01:00,2014-07-14T00:00:00+00:00,ACTIVE,EN,GB,UK,GB,PPM,WSCH,??????????-MEPMXF,,,,,,,,,
BBC200079,EMERGENCY LIGHTING (ALL TYPES)  ,,1004000,1,MONTHS,BBCELT01,0,0,0,0,0,0,0,0,0,0,0,0,0,0,0,0,0,1,1,1,1,1,1,1,1,Y,1,1,Y,1970-01-01T00:00:00+01:00,2014-07-14T00:00:00+00:00,ACTIVE,EN,GB,UK,GB,PPM,WSCH,??????????-MEPMXF,,,,,,,,,
BBC200080,LIFTING EQUIPMENT & ANCILERIES  ,2014-33419,,1,YEARS,BBCLEA02,0,0,0,0,0,0,0,0,0,0,0,0,0,0,0,0,0,1,1,1,1,1,1,1,1,Y,1,1,Y,1970-01-01T00:00:00+01:00,2014-07-14T00:00:00+00:00,ACTIVE,EN,GB,UK,GB,PPM,WSCH,??????????-MEPMXF,,,,,,,,,
BBC200081,LIFTING EQUIPMENT & ANCILERIES  ,2014-33420,,1,YEARS,BBCLEA02,0,0,0,0,0,0,0,0,0,0,0,0,0,0,0,0,0,1,1,1,1,1,1,1,1,Y,1,1,Y,1970-01-01T00:00:00+01:00,2014-07-14T00:00:00+00:00,ACTIVE,EN,GB,UK,GB,PPM,WSCH,??????????-MEPMXF,,,,,,,,,
BBC200082,LIFTING EQUIPMENT & ANCILERIES  ,2014-33426,,1,YEARS,BBCLEA02,0,0,0,0,0,0,0,0,0,0,0,0,0,0,0,0,0,1,1,1,1,1,1,1,1,Y,1,1,Y,1970-01-01T00:00:00+01:00,2014-07-14T00:00:00+00:00,ACTIVE,EN,GB,UK,GB,PPM,WSCH,??????????-MEPMXF,,,,,,,,,
BBC200083,LIFTING EQUIPMENT & ANCILERIES  ,2014-33435,,1,YEARS,BBCLEA02,0,0,0,0,0,0,0,0,0,0,0,0,0,0,0,0,0,1,1,1,1,1,1,1,1,Y,1,1,Y,1970-01-01T00:00:00+01:00,2014-07-14T00:00:00+00:00,ACTIVE,EN,GB,UK,GB,PPM,WSCH,??????????-MEPMXF,,,,,,,,,
BBC200084,GENERAL LIGHTING  ,,1004001,6,MONTHS,BBCLTG01,0,0,0,0,0,0,0,0,0,0,0,0,0,0,0,0,0,1,1,1,1,1,1,1,1,Y,1,1,Y,1970-01-01T00:00:00+01:00,2014-07-14T00:00:00+00:00,ACTIVE,EN,GB,UK,GB,PPM,WSCH,??????????-MEPMXF,,,,,,,,,
BBC200085,GENERAL LIGHTING  ,,1004002,6,MONTHS,BBCLTG01,0,0,0,0,0,0,0,0,0,0,0,0,0,0,0,0,0,1,1,1,1,1,1,1,1,Y,1,1,Y,1970-01-01T00:00:00+01:00,2014-07-14T00:00:00+00:00,ACTIVE,EN,GB,UK,GB,PPM,WSCH,??????????-MEPMXF,,,,,,,,,
BBC200086,GENERAL LIGHTING  ,,1004003,6,MONTHS,BBCLTG01,0,0,0,0,0,0,0,0,0,0,0,0,0,0,0,0,0,1,1,1,1,1,1,1,1,Y,1,1,Y,1970-01-01T00:00:00+01:00,2014-07-14T00:00:00+00:00,ACTIVE,EN,GB,UK,GB,PPM,WSCH,??????????-MEPMXF,,,,,,,,,
BBC200087,GENERAL LIGHTING  ,,1004002,6,MONTHS,BBCLTG01,0,0,0,0,0,0,0,0,0,0,0,0,0,0,0,0,0,1,1,1,1,1,1,1,1,Y,1,1,Y,1970-01-01T00:00:00+01:00,2014-07-14T00:00:00+00:00,ACTIVE,EN,GB,UK,GB,PPM,WSCH,??????????-MEPMXF,,,,,,,,,
BBC200088,GENERAL LIGHTING  ,,1004005,6,MONTHS,BBCLTG01,0,0,0,0,0,0,0,0,0,0,0,0,0,0,0,0,0,1,1,1,1,1,1,1,1,Y,1,1,Y,1970-01-01T00:00:00+01:00,2014-07-14T00:00:00+00:00,ACTIVE,EN,GB,UK,GB,PPM,WSCH,??????????-MEPMXF,,,,,,,,,
BBC200089,GENERAL LIGHTING  ,,1004006,6,MONTHS,BBCLTG01,0,0,0,0,0,0,0,0,0,0,0,0,0,0,0,0,0,1,1,1,1,1,1,1,1,Y,1,1,Y,1970-01-01T00:00:00+01:00,2014-07-14T00:00:00+00:00,ACTIVE,EN,GB,UK,GB,PPM,WSCH,??????????-MEPMXF,,,,,,,,,
BBC200090,GENERAL LIGHTING  ,,1004007,6,MONTHS,BBCLTG01,0,0,0,0,0,0,0,0,0,0,0,0,0,0,0,0,0,1,1,1,1,1,1,1,1,Y,1,1,Y,1970-01-01T00:00:00+01:00,2014-07-14T00:00:00+00:00,ACTIVE,EN,GB,UK,GB,PPM,WSCH,??????????-MEPMXF,,,,,,,,,
BBC200091,GENERAL LIGHTING  ,,1004000,6,MONTHS,BBCLTG01,0,0,0,0,0,0,0,0,0,0,0,0,0,0,0,0,0,1,1,1,1,1,1,1,1,Y,1,1,Y,1970-01-01T00:00:00+01:00,2014-07-14T00:00:00+00:00,ACTIVE,EN,GB,UK,GB,PPM,WSCH,??????????-MEPMXF,,,,,,,,,
BBC200092,AIR HANDLING UNIT  ,2014-33421,,1,MONTHS,BBCAHU05,0,0,0,0,0,0,0,0,0,0,0,0,0,0,0,0,0,1,1,1,1,1,1,1,1,Y,1,1,Y,1970-01-01T00:00:00+01:00,2014-07-14T00:00:00+00:00,ACTIVE,EN,GB,UK,GB,PPM,WSCH,??????????-MEPMXF,,,,,,,,,
BBC200093,AIR HANDLING UNIT  ,2014-33460,,1,MONTHS,BBCAHU05,0,0,0,0,0,0,0,0,0,0,0,0,0,0,0,0,0,1,1,1,1,1,1,1,1,Y,1,1,Y,1970-01-01T00:00:00+01:00,2014-07-14T00:00:00+00:00,ACTIVE,EN,GB,UK,GB,PPM,WSCH,??????????-MEPMXF,,,,,,,,,
BBC200094,AIR HANDLING UNIT (FCU LPHW HTG & CHW CLG)  ,,1004001,3,MONTHS,BBCFCU01,0,0,0,0,0,0,0,0,0,0,0,0,0,0,0,0,0,1,1,1,1,1,1,1,1,Y,1,1,Y,1970-01-01T00:00:00+01:00,2014-07-14T00:00:00+00:00,ACTIVE,EN,GB,UK,GB,PPM,WSCH,??????????-MEPMXF,,,,,,,,,
BBC200095,AIR HANDLING UNIT (FCU LPHW HTG & CHW CLG)  ,,1004002,3,MONTHS,BBCFCU01,0,0,0,0,0,0,0,0,0,0,0,0,0,0,0,0,0,1,1,1,1,1,1,1,1,Y,1,1,Y,1970-01-01T00:00:00+01:00,2014-07-14T00:00:00+00:00,ACTIVE,EN,GB,UK,GB,PPM,WSCH,??????????-MEPMXF,,,,,,,,,
BBC200096,AIR HANDLING UNIT (FCU LPHW HTG & CHW CLG)  ,,1004003,3,MONTHS,BBCFCU01,0,0,0,0,0,0,0,0,0,0,0,0,0,0,0,0,0,1,1,1,1,1,1,1,1,Y,1,1,Y,1970-01-01T00:00:00+01:00,2014-07-14T00:00:00+00:00,ACTIVE,EN,GB,UK,GB,PPM,WSCH,??????????-MEPMXF,,,,,,,,,
BBC200097,AIR HANDLING UNIT (FCU LPHW HTG & CHW CLG)  ,,1004002,3,MONTHS,BBCFCU01,0,0,0,0,0,0,0,0,0,0,0,0,0,0,0,0,0,1,1,1,1,1,1,1,1,Y,1,1,Y,1970-01-01T00:00:00+01:00,2014-07-14T00:00:00+00:00,ACTIVE,EN,GB,UK,GB,PPM,WSCH,??????????-MEPMXF,,,,,,,,,
BBC200098,AIR HANDLING UNIT (FCU LPHW HTG & CHW CLG)  ,,1004005,3,MONTHS,BBCFCU01,0,0,0,0,0,0,0,0,0,0,0,0,0,0,0,0,0,1,1,1,1,1,1,1,1,Y,1,1,Y,1970-01-01T00:00:00+01:00,2014-07-14T00:00:00+00:00,ACTIVE,EN,GB,UK,GB,PPM,WSCH,??????????-MEPMXF,,,,,,,,,
BBC200099,AIR HANDLING UNIT (FCU LPHW HTG & CHW CLG)  ,,1004006,3,MONTHS,BBCFCU01,0,0,0,0,0,0,0,0,0,0,0,0,0,0,0,0,0,1,1,1,1,1,1,1,1,Y,1,1,Y,1970-01-01T00:00:00+01:00,2014-07-14T00:00:00+00:00,ACTIVE,EN,GB,UK,GB,PPM,WSCH,??????????-MEPMXF,,,,,,,,,
BBC200100,FIRE EXIT DOORS  ,,1004001,1,WEEKS,BBCFDR01,0,0,0,0,0,0,0,0,0,0,0,0,0,0,0,0,0,1,1,1,1,1,1,1,1,Y,1,1,Y,1970-01-01T00:00:00+01:00,2014-07-14T00:00:00+00:00,ACTIVE,EN,GB,UK,GB,PPM,WSCH,??????????-MEPMXF,,,,,,,,,
BBC200101,FIRE EXIT DOORS  ,,1004002,1,WEEKS,BBCFDR01,0,0,0,0,0,0,0,0,0,0,0,0,0,0,0,0,0,1,1,1,1,1,1,1,1,Y,1,1,Y,1970-01-01T00:00:00+01:00,2014-07-14T00:00:00+00:00,ACTIVE,EN,GB,UK,GB,PPM,WSCH,??????????-MEPMXF,,,,,,,,,
BBC200102,FIRE EXIT DOORS  ,,1004003,1,WEEKS,BBCFDR01,0,0,0,0,0,0,0,0,0,0,0,0,0,0,0,0,0,1,1,1,1,1,1,1,1,Y,1,1,Y,1970-01-01T00:00:00+01:00,2014-07-14T00:00:00+00:00,ACTIVE,EN,GB,UK,GB,PPM,WSCH,??????????-MEPMXF,,,,,,,,,
BBC200103,FIRE EXIT DOORS  ,,1004002,1,WEEKS,BBCFDR01,0,0,0,0,0,0,0,0,0,0,0,0,0,0,0,0,0,1,1,1,1,1,1,1,1,Y,1,1,Y,1970-01-01T00:00:00+01:00,2014-07-14T00:00:00+00:00,ACTIVE,EN,GB,UK,GB,PPM,WSCH,??????????-MEPMXF,,,,,,,,,
BBC200104,FIRE EXIT DOORS  ,,1004005,1,WEEKS,BBCFDR01,0,0,0,0,0,0,0,0,0,0,0,0,0,0,0,0,0,1,1,1,1,1,1,1,1,Y,1,1,Y,1970-01-01T00:00:00+01:00,2014-07-14T00:00:00+00:00,ACTIVE,EN,GB,UK,GB,PPM,WSCH,??????????-MEPMXF,,,,,,,,,
BBC200105,FIRE EXIT DOORS  ,,1004006,1,WEEKS,BBCFDR01,0,0,0,0,0,0,0,0,0,0,0,0,0,0,0,0,0,1,1,1,1,1,1,1,1,Y,1,1,Y,1970-01-01T00:00:00+01:00,2014-07-14T00:00:00+00:00,ACTIVE,EN,GB,UK,GB,PPM,WSCH,??????????-MEPMXF,,,,,,,,,
BBC200106,FIRE EXIT DOORS  ,,1004007,1,WEEKS,BBCFDR01,0,0,0,0,0,0,0,0,0,0,0,0,0,0,0,0,0,1,1,1,1,1,1,1,1,Y,1,1,Y,1970-01-01T00:00:00+01:00,2014-07-14T00:00:00+00:00,ACTIVE,EN,GB,UK,GB,PPM,WSCH,??????????-MEPMXF,,,,,,,,,
BBC200107,FIRE EXTINGUISHERS & BLANKETS  ,,1004001,3,MONTHS,BBCFEB01,0,0,0,0,0,0,0,0,0,0,0,0,0,0,0,0,0,1,1,1,1,1,1,1,1,Y,1,1,Y,1970-01-01T00:00:00+01:00,2014-07-14T00:00:00+00:00,ACTIVE,EN,GB,UK,GB,PPM,WSCH,??????????-MEPMXF,,,,,,,,,
BBC200108,FIRE EXTINGUISHERS & BLANKETS  ,,1004002,3,MONTHS,BBCFEB01,0,0,0,0,0,0,0,0,0,0,0,0,0,0,0,0,0,1,1,1,1,1,1,1,1,Y,1,1,Y,1970-01-01T00:00:00+01:00,2014-07-14T00:00:00+00:00,ACTIVE,EN,GB,UK,GB,PPM,WSCH,??????????-MEPMXF,,,,,,,,,
BBC200109,FIRE EXTINGUISHERS & BLANKETS  ,,1004003,3,MONTHS,BBCFEB01,0,0,0,0,0,0,0,0,0,0,0,0,0,0,0,0,0,1,1,1,1,1,1,1,1,Y,1,1,Y,1970-01-01T00:00:00+01:00,2014-07-14T00:00:00+00:00,ACTIVE,EN,GB,UK,GB,PPM,WSCH,??????????-MEPMXF,,,,,,,,,
BBC200110,FIRE EXTINGUISHERS & BLANKETS  ,,1004002,3,MONTHS,BBCFEB01,0,0,0,0,0,0,0,0,0,0,0,0,0,0,0,0,0,1,1,1,1,1,1,1,1,Y,1,1,Y,1970-01-01T00:00:00+01:00,2014-07-14T00:00:00+00:00,ACTIVE,EN,GB,UK,GB,PPM,WSCH,??????????-MEPMXF,,,,,,,,,
BBC200111,FIRE EXTINGUISHERS & BLANKETS  ,,1004005,3,MONTHS,BBCFEB01,0,0,0,0,0,0,0,0,0,0,0,0,0,0,0,0,0,1,1,1,1,1,1,1,1,Y,1,1,Y,1970-01-01T00:00:00+01:00,2014-07-14T00:00:00+00:00,ACTIVE,EN,GB,UK,GB,PPM,WSCH,??????????-MEPMXF,,,,,,,,,
BBC200112,FIRE EXTINGUISHERS & BLANKETS  ,,1004006,3,MONTHS,BBCFEB01,0,0,0,0,0,0,0,0,0,0,0,0,0,0,0,0,0,1,1,1,1,1,1,1,1,Y,1,1,Y,1970-01-01T00:00:00+01:00,2014-07-14T00:00:00+00:00,ACTIVE,EN,GB,UK,GB,PPM,WSCH,??????????-MEPMXF,,,,,,,,,
BBC200113,FIRE EXTINGUISHERS & BLANKETS  ,,1004007,3,MONTHS,BBCFEB01,0,0,0,0,0,0,0,0,0,0,0,0,0,0,0,0,0,1,1,1,1,1,1,1,1,Y,1,1,Y,1970-01-01T00:00:00+01:00,2014-07-14T00:00:00+00:00,ACTIVE,EN,GB,UK,GB,PPM,WSCH,??????????-MEPMXF,,,,,,,,,
BBC200114,AIR HANDLING UNIT DUCTWORK  ,,1004001,1,YEARS,BBCAHU15,0,0,0,0,0,0,0,0,0,0,0,0,0,0,0,0,0,1,1,1,1,1,1,1,1,Y,1,1,Y,1970-01-01T00:00:00+01:00,2014-07-14T00:00:00+00:00,ACTIVE,EN,GB,UK,GB,PPM,WSCH,??????????-MEPMXF,,,,,,,,,
BBC200115,AIR HANDLING UNIT DUCTWORK  ,,1004007,1,YEARS,BBCAHU15,0,0,0,0,0,0,0,0,0,0,0,0,0,0,0,0,0,1,1,1,1,1,1,1,1,Y,1,1,Y,1970-01-01T00:00:00+01:00,2014-07-14T00:00:00+00:00,ACTIVE,EN,GB,UK,GB,PPM,WSCH,??????????-MEPMXF,,,,,,,,,
BBC200116,ELEVATORS (PASSENGER)  ,2014-33458,,1,WEEKS,BBCLFT01,0,0,0,0,0,0,0,0,0,0,0,0,0,0,0,0,0,1,1,1,1,1,1,1,1,Y,1,1,Y,1970-01-01T00:00:00+01:00,2014-07-14T00:00:00+00:00,ACTIVE,EN,GB,UK,GB,PPM,WSCH,??????????-MEPMXF,,,,,,,,,
BBC200117,ELEVATORS (PASSENGER)  ,2014-33476,,1,WEEKS,BBCLFT01,0,0,0,0,0,0,0,0,0,0,0,0,0,0,0,0,0,1,1,1,1,1,1,1,1,Y,1,1,Y,1970-01-01T00:00:00+01:00,2014-07-14T00:00:00+00:00,ACTIVE,EN,GB,UK,GB,PPM,WSCH,??????????-MEPMXF,,,,,,,,,
BBC200118,LIGHTING MANAGEMENT SYSTEM   ,2014-33431,,1,YEARS,BBCLTG03,0,0,0,0,0,0,0,0,0,0,0,0,0,0,0,0,0,1,1,1,1,1,1,1,1,Y,1,1,Y,1970-01-01T00:00:00+01:00,2014-07-14T00:00:00+00:00,ACTIVE,EN,GB,UK,GB,PPM,WSCH,??????????-MEPMXF,,,,,,,,,
BBC200119,LIGHTING MANAGEMENT SYSTEM   ,2014-33439,,1,YEARS,BBCLTG03,0,0,0,0,0,0,0,0,0,0,0,0,0,0,0,0,0,1,1,1,1,1,1,1,1,Y,1,1,Y,1970-01-01T00:00:00+01:00,2014-07-14T00:00:00+00:00,ACTIVE,EN,GB,UK,GB,PPM,WSCH,??????????-MEPMXF,,,,,,,,,
BBC200120,LIGHTING MANAGEMENT SYSTEM   ,2014-33446,,1,YEARS,BBCLTG03,0,0,0,0,0,0,0,0,0,0,0,0,0,0,0,0,0,1,1,1,1,1,1,1,1,Y,1,1,Y,1970-01-01T00:00:00+01:00,2014-07-14T00:00:00+00:00,ACTIVE,EN,GB,UK,GB,PPM,WSCH,??????????-MEPMXF,,,,,,,,,
BBC200121,LIGHTING MANAGEMENT SYSTEM   ,2014-33453,,1,YEARS,BBCLTG03,0,0,0,0,0,0,0,0,0,0,0,0,0,0,0,0,0,1,1,1,1,1,1,1,1,Y,1,1,Y,1970-01-01T00:00:00+01:00,2014-07-14T00:00:00+00:00,ACTIVE,EN,GB,UK,GB,PPM,WSCH,??????????-MEPMXF,,,,,,,,,
BBC200122,LOCAL CONTACTORS RELAYS ISOLATORS & TIME SWITCHES  ,2014-33390,,3,MONTHS,BBCISS01,0,0,0,0,0,0,0,0,0,0,0,0,0,0,0,0,0,1,1,1,1,1,1,1,1,Y,1,1,Y,1970-01-01T00:00:00+01:00,2014-07-14T00:00:00+00:00,ACTIVE,EN,GB,UK,GB,PPM,WSCH,??????????-MEPMXF,,,,,,,,,
BBC200123,LOCAL CONTACTORS RELAYS ISOLATORS & TIME SWITCHES  ,2014-33463,,3,MONTHS,BBCISS01,0,0,0,0,0,0,0,0,0,0,0,0,0,0,0,0,0,1,1,1,1,1,1,1,1,Y,1,1,Y,1970-01-01T00:00:00+01:00,2014-07-14T00:00:00+00:00,ACTIVE,EN,GB,UK,GB,PPM,WSCH,??????????-MEPMXF,,,,,,,,,
BBC200124,LOCAL CONTACTORS RELAYS ISOLATORS & TIME SWITCHES  ,2014-33464,,3,MONTHS,BBCISS01,0,0,0,0,0,0,0,0,0,0,0,0,0,0,0,0,0,1,1,1,1,1,1,1,1,Y,1,1,Y,1970-01-01T00:00:00+01:00,2014-07-14T00:00:00+00:00,ACTIVE,EN,GB,UK,GB,PPM,WSCH,??????????-MEPMXF,,,,,,,,,
BBC200125,LOCAL CONTACTORS RELAYS ISOLATORS & TIME SWITCHES  ,2014-33465,,3,MONTHS,BBCISS01,0,0,0,0,0,0,0,0,0,0,0,0,0,0,0,0,0,1,1,1,1,1,1,1,1,Y,1,1,Y,1970-01-01T00:00:00+01:00,2014-07-14T00:00:00+00:00,ACTIVE,EN,GB,UK,GB,PPM,WSCH,??????????-MEPMXF,,,,,,,,,
BBC200126,LOCAL CONTACTORS RELAYS ISOLATORS & TIME SWITCHES  ,2014-33466,,3,MONTHS,BBCISS01,0,0,0,0,0,0,0,0,0,0,0,0,0,0,0,0,0,1,1,1,1,1,1,1,1,Y,1,1,Y,1970-01-01T00:00:00+01:00,2014-07-14T00:00:00+00:00,ACTIVE,EN,GB,UK,GB,PPM,WSCH,??????????-MEPMXF,,,,,,,,,
BBC200127,LOCAL CONTACTORS RELAYS ISOLATORS & TIME SWITCHES  ,2014-33467,,3,MONTHS,BBCISS01,0,0,0,0,0,0,0,0,0,0,0,0,0,0,0,0,0,1,1,1,1,1,1,1,1,Y,1,1,Y,1970-01-01T00:00:00+01:00,2014-07-14T00:00:00+00:00,ACTIVE,EN,GB,UK,GB,PPM,WSCH,??????????-MEPMXF,,,,,,,,,
BBC200128,LOCAL CONTACTORS RELAYS ISOLATORS & TIME SWITCHES  ,2014-33469,,3,MONTHS,BBCISS01,0,0,0,0,0,0,0,0,0,0,0,0,0,0,0,0,0,1,1,1,1,1,1,1,1,Y,1,1,Y,1970-01-01T00:00:00+01:00,2014-07-14T00:00:00+00:00,ACTIVE,EN,GB,UK,GB,PPM,WSCH,??????????-MEPMXF,,,,,,,,,
BBC200129,LOCAL CONTACTORS RELAYS ISOLATORS & TIME SWITCHES  ,2014-33470,,3,MONTHS,BBCISS01,0,0,0,0,0,0,0,0,0,0,0,0,0,0,0,0,0,1,1,1,1,1,1,1,1,Y,1,1,Y,1970-01-01T00:00:00+01:00,2014-07-14T00:00:00+00:00,ACTIVE,EN,GB,UK,GB,PPM,WSCH,??????????-MEPMXF,,,,,,,,,
BBC200130,LOCAL CONTACTORS RELAYS ISOLATORS & TIME SWITCHES  ,2014-33471,,3,MONTHS,BBCISS01,0,0,0,0,0,0,0,0,0,0,0,0,0,0,0,0,0,1,1,1,1,1,1,1,1,Y,1,1,Y,1970-01-01T00:00:00+01:00,2014-07-14T00:00:00+00:00,ACTIVE,EN,GB,UK,GB,PPM,WSCH,??????????-MEPMXF,,,,,,,,,
BBC200131,LOCAL CONTACTORS RELAYS ISOLATORS & TIME SWITCHES  ,2014-33473,,3,MONTHS,BBCISS01,0,0,0,0,0,0,0,0,0,0,0,0,0,0,0,0,0,1,1,1,1,1,1,1,1,Y,1,1,Y,1970-01-01T00:00:00+01:00,2014-07-14T00:00:00+00:00,ACTIVE,EN,GB,UK,GB,PPM,WSCH,??????????-MEPMXF,,,,,,,,,
BBC200132,LOCAL CONTACTORS RELAYS ISOLATORS & TIME SWITCHES  ,2014-33485,,3,MONTHS,BBCISS01,0,0,0,0,0,0,0,0,0,0,0,0,0,0,0,0,0,1,1,1,1,1,1,1,1,Y,1,1,Y,1970-01-01T00:00:00+01:00,2014-07-14T00:00:00+00:00,ACTIVE,EN,GB,UK,GB,PPM,WSCH,??????????-MEPMXF,,,,,,,,,
BBC200133,INVERTERS & BATTERY CHARGERS   ,2014-33409,,1,YEARS,BBCIBC01,0,0,0,0,0,0,0,0,0,0,0,0,0,0,0,0,0,1,1,1,1,1,1,1,1,Y,1,1,Y,1970-01-01T00:00:00+01:00,2014-07-14T00:00:00+00:00,ACTIVE,EN,GB,UK,GB,PPM,WSCH,??????????-MEPMXF,,,,,,,,,
BBC200134,INVERTERS & BATTERY CHARGERS   ,2014-33410,,1,YEARS,BBCIBC01,0,0,0,0,0,0,0,0,0,0,0,0,0,0,0,0,0,1,1,1,1,1,1,1,1,Y,1,1,Y,1970-01-01T00:00:00+01:00,2014-07-14T00:00:00+00:00,ACTIVE,EN,GB,UK,GB,PPM,WSCH,??????????-MEPMXF,,,,,,,,,
BBC200135,RADIATORS PIPE COILS & PANEL HEATERS  ,,1004001,1,YEARS,BBCRAD01,0,0,0,0,0,0,0,0,0,0,0,0,0,0,0,0,0,1,1,1,1,1,1,1,1,Y,1,1,Y,1970-01-01T00:00:00+01:00,2014-07-14T00:00:00+00:00,ACTIVE,EN,GB,UK,GB,PPM,WSCH,??????????-MEPMXF,,,,,,,,,
BBC200136,RADIATORS PIPE COILS & PANEL HEATERS  ,,1004002,1,YEARS,BBCRAD01,0,0,0,0,0,0,0,0,0,0,0,0,0,0,0,0,0,1,1,1,1,1,1,1,1,Y,1,1,Y,1970-01-01T00:00:00+01:00,2014-07-14T00:00:00+00:00,ACTIVE,EN,GB,UK,GB,PPM,WSCH,??????????-MEPMXF,,,,,,,,,
BBC200137,RADIATORS PIPE COILS & PANEL HEATERS  ,,1004003,1,YEARS,BBCRAD01,0,0,0,0,0,0,0,0,0,0,0,0,0,0,0,0,0,1,1,1,1,1,1,1,1,Y,1,1,Y,1970-01-01T00:00:00+01:00,2014-07-14T00:00:00+00:00,ACTIVE,EN,GB,UK,GB,PPM,WSCH,??????????-MEPMXF,,,,,,,,,
BBC200138,RADIATORS PIPE COILS & PANEL HEATERS  ,,1004002,1,YEARS,BBCRAD01,0,0,0,0,0,0,0,0,0,0,0,0,0,0,0,0,0,1,1,1,1,1,1,1,1,Y,1,1,Y,1970-01-01T00:00:00+01:00,2014-07-14T00:00:00+00:00,ACTIVE,EN,GB,UK,GB,PPM,WSCH,??????????-MEPMXF,,,,,,,,,
BBC200139,RADIATORS PIPE COILS & PANEL HEATERS  ,,1004005,1,YEARS,BBCRAD01,0,0,0,0,0,0,0,0,0,0,0,0,0,0,0,0,0,1,1,1,1,1,1,1,1,Y,1,1,Y,1970-01-01T00:00:00+01:00,2014-07-14T00:00:00+00:00,ACTIVE,EN,GB,UK,GB,PPM,WSCH,??????????-MEPMXF,,,,,,,,,
BBC200140,RADIATORS PIPE COILS & PANEL HEATERS  ,,1004006,1,YEARS,BBCRAD01,0,0,0,0,0,0,0,0,0,0,0,0,0,0,0,0,0,1,1,1,1,1,1,1,1,Y,1,1,Y,1970-01-01T00:00:00+01:00,2014-07-14T00:00:00+00:00,ACTIVE,EN,GB,UK,GB,PPM,WSCH,??????????-MEPMXF,,,,,,,,,
BBC200141,RADIATORS PIPE COILS & PANEL HEATERS  ,,1004007,1,YEARS,BBCRAD01,0,0,0,0,0,0,0,0,0,0,0,0,0,0,0,0,0,1,1,1,1,1,1,1,1,Y,1,1,Y,1970-01-01T00:00:00+01:00,2014-07-14T00:00:00+00:00,ACTIVE,EN,GB,UK,GB,PPM,WSCH,??????????-MEPMXF,,,,,,,,,
BBC200142,PDU’S & DISTRIBUTION BOARDS  ,2014-33398,,3,MONTHS,BBCPDB01,0,0,0,0,0,0,0,0,0,0,0,0,0,0,0,0,0,1,1,1,1,1,1,1,1,Y,1,1,Y,1970-01-01T00:00:00+01:00,2014-07-14T00:00:00+00:00,ACTIVE,EN,GB,UK,GB,PPM,WSCH,??????????-MEPMXF,,,,,,,,,
BBC200143,PACKAGED PRESSURISATION UNIT  ,2014-33422,,3,MONTHS,BBCPPU01,0,0,0,0,0,0,0,0,0,0,0,0,0,0,0,0,0,1,1,1,1,1,1,1,1,Y,1,1,Y,1970-01-01T00:00:00+01:00,2014-07-14T00:00:00+00:00,ACTIVE,EN,GB,UK,GB,PPM,WSCH,??????????-MEPMXF,,,,,,,,,
BBC200144,PACKAGED PRESSURISATION UNIT  ,2014-33388,,3,MONTHS,BBCPPU01,0,0,0,0,0,0,0,0,0,0,0,0,0,0,0,0,0,1,1,1,1,1,1,1,1,Y,1,1,Y,1970-01-01T00:00:00+01:00,2014-07-14T00:00:00+00:00,ACTIVE,EN,GB,UK,GB,PPM,WSCH,??????????-MEPMXF,,,,,,,,,
BBC200145,PUMPS (BELT OR DIRECT DRIVEN)  ,2014-33384,,3,MONTHS,BBCPMP01,0,0,0,0,0,0,0,0,0,0,0,0,0,0,0,0,0,1,1,1,1,1,1,1,1,Y,1,1,Y,1970-01-01T00:00:00+01:00,2014-07-14T00:00:00+00:00,ACTIVE,EN,GB,UK,GB,PPM,WSCH,??????????-MEPMXF,,,,,,,,,
BBC200146,PUMPS (BELT OR DIRECT DRIVEN)  ,2014-33385,,3,MONTHS,BBCPMP01,0,0,0,0,0,0,0,0,0,0,0,0,0,0,0,0,0,1,1,1,1,1,1,1,1,Y,1,1,Y,1970-01-01T00:00:00+01:00,2014-07-14T00:00:00+00:00,ACTIVE,EN,GB,UK,GB,PPM,WSCH,??????????-MEPMXF,,,,,,,,,
BBC200147,PUMPS (BELT OR DIRECT DRIVEN)  ,2014-33386,,3,MONTHS,BBCPMP01,0,0,0,0,0,0,0,0,0,0,0,0,0,0,0,0,0,1,1,1,1,1,1,1,1,Y,1,1,Y,1970-01-01T00:00:00+01:00,2014-07-14T00:00:00+00:00,ACTIVE,EN,GB,UK,GB,PPM,WSCH,??????????-MEPMXF,,,,,,,,,
BBC200148,PUMPS (BELT OR DIRECT DRIVEN)  ,2014-33387,,3,MONTHS,BBCPMP01,0,0,0,0,0,0,0,0,0,0,0,0,0,0,0,0,0,1,1,1,1,1,1,1,1,Y,1,1,Y,1970-01-01T00:00:00+01:00,2014-07-14T00:00:00+00:00,ACTIVE,EN,GB,UK,GB,PPM,WSCH,??????????-MEPMXF,,,,,,,,,
BBC200149,SCREW CHILLER  ,2014-33415,,1,MONTHS,BBCSCH01,0,0,0,0,0,0,0,0,0,0,0,0,0,0,0,0,0,1,1,1,1,1,1,1,1,Y,1,1,Y,1970-01-01T00:00:00+01:00,2014-07-14T00:00:00+00:00,ACTIVE,EN,GB,UK,GB,PPM,WSCH,??????????-MEPMXF,,,,,,,,,
BBC200150,SHOWER & CUBICLE  ,,1004001,6,MONTHS,BBCSHC01,0,0,0,0,0,0,0,0,0,0,0,0,0,0,0,0,0,1,1,1,1,1,1,1,1,Y,1,1,Y,1970-01-01T00:00:00+01:00,2014-07-14T00:00:00+00:00,ACTIVE,EN,GB,UK,GB,PPM,WSCH,??????????-MEPMXF,,,,,,,,,
BBC200151,SPLIT AIR CONDITIONING UNIT  ,2014-33405,,6,MONTHS,BBCACU01,0,0,0,0,0,0,0,0,0,0,0,0,0,0,0,0,0,1,1,1,1,1,1,1,1,Y,1,1,Y,1970-01-01T00:00:00+01:00,2014-07-14T00:00:00+00:00,ACTIVE,EN,GB,UK,GB,PPM,WSCH,??????????-MEPMXF,,,,,,,,,
BBC200152,SPLIT AIR CONDITIONING UNIT  ,2014-33414,,6,MONTHS,BBCACU01,0,0,0,0,0,0,0,0,0,0,0,0,0,0,0,0,0,1,1,1,1,1,1,1,1,Y,1,1,Y,1970-01-01T00:00:00+01:00,2014-07-14T00:00:00+00:00,ACTIVE,EN,GB,UK,GB,PPM,WSCH,??????????-MEPMXF,,,,,,,,,
BBC200153,COLD WATER STORAGE TANK  ,2014-33423,,3,MONTHS,BBCCWS01,0,0,0,0,0,0,0,0,0,0,0,0,0,0,0,0,0,1,1,1,1,1,1,1,1,Y,1,1,Y,1970-01-01T00:00:00+01:00,2014-07-14T00:00:00+00:00,ACTIVE,EN,GB,UK,GB,PPM,WSCH,??????????-MEPMXF,,,,,,,,,
BBC200154,SANITARY WARE  ,,1004001,3,MONTHS,BBCSYW01,0,0,0,0,0,0,0,0,0,0,0,0,0,0,0,0,0,1,1,1,1,1,1,1,1,Y,1,1,Y,1970-01-01T00:00:00+01:00,2014-07-14T00:00:00+00:00,ACTIVE,EN,GB,UK,GB,PPM,WSCH,??????????-MEPMXF,,,,,,,,,
BBC200155,SANITARY WARE  ,,1004002,3,MONTHS,BBCSYW01,0,0,0,0,0,0,0,0,0,0,0,0,0,0,0,0,0,1,1,1,1,1,1,1,1,Y,1,1,Y,1970-01-01T00:00:00+01:00,2014-07-14T00:00:00+00:00,ACTIVE,EN,GB,UK,GB,PPM,WSCH,??????????-MEPMXF,,,,,,,,,
BBC200156,SANITARY WARE  ,,1004003,3,MONTHS,BBCSYW01,0,0,0,0,0,0,0,0,0,0,0,0,0,0,0,0,0,1,1,1,1,1,1,1,1,Y,1,1,Y,1970-01-01T00:00:00+01:00,2014-07-14T00:00:00+00:00,ACTIVE,EN,GB,UK,GB,PPM,WSCH,??????????-MEPMXF,,,,,,,,,
BBC200157,SANITARY WARE  ,,1004002,3,MONTHS,BBCSYW01,0,0,0,0,0,0,0,0,0,0,0,0,0,0,0,0,0,1,1,1,1,1,1,1,1,Y,1,1,Y,1970-01-01T00:00:00+01:00,2014-07-14T00:00:00+00:00,ACTIVE,EN,GB,UK,GB,PPM,WSCH,??????????-MEPMXF,,,,,,,,,
BBC200158,SANITARY WARE  ,,1004005,3,MONTHS,BBCSYW01,0,0,0,0,0,0,0,0,0,0,0,0,0,0,0,0,0,1,1,1,1,1,1,1,1,Y,1,1,Y,1970-01-01T00:00:00+01:00,2014-07-14T00:00:00+00:00,ACTIVE,EN,GB,UK,GB,PPM,WSCH,??????????-MEPMXF,,,,,,,,,
BBC200159,SANITARY WARE  ,,1004006,3,MONTHS,BBCSYW01,0,0,0,0,0,0,0,0,0,0,0,0,0,0,0,0,0,1,1,1,1,1,1,1,1,Y,1,1,Y,1970-01-01T00:00:00+01:00,2014-07-14T00:00:00+00:00,ACTIVE,EN,GB,UK,GB,PPM,WSCH,??????????-MEPMXF,,,,,,,,,
BBC200160,SAFETY EYEBOLTS  ,,1004005,1,YEARS,BBCSEB01,0,0,0,0,0,0,0,0,0,0,0,0,0,0,0,0,0,1,1,1,1,1,1,1,1,Y,1,1,Y,1970-01-01T00:00:00+01:00,2014-07-14T00:00:00+00:00,ACTIVE,EN,GB,UK,GB,PPM,WSCH,??????????-MEPMXF,,,,,,,,,
BBC200161,SAFETY EYEBOLTS  ,,1004006,1,YEARS,BBCSEB01,0,0,0,0,0,0,0,0,0,0,0,0,0,0,0,0,0,1,1,1,1,1,1,1,1,Y,1,1,Y,1970-01-01T00:00:00+01:00,2014-07-14T00:00:00+00:00,ACTIVE,EN,GB,UK,GB,PPM,WSCH,??????????-MEPMXF,,,,,,,,,
BBC200162,SAFETY EYEBOLTS  ,,1004007,1,YEARS,BBCSEB01,0,0,0,0,0,0,0,0,0,0,0,0,0,0,0,0,0,1,1,1,1,1,1,1,1,Y,1,1,Y,1970-01-01T00:00:00+01:00,2014-07-14T00:00:00+00:00,ACTIVE,EN,GB,UK,GB,PPM,WSCH,??????????-MEPMXF,,,,,,,,,
BBC200163,CW WATER LOG  ,,1004000,1,WEEKS,BBCCWL01,0,0,0,0,0,0,0,0,0,0,0,0,0,0,0,0,0,1,1,1,1,1,1,1,1,Y,1,1,Y,1970-01-01T00:00:00+01:00,2014-07-14T00:00:00+00:00,ACTIVE,EN,GB,UK,GB,PPM,WSCH,??????????-MEPMXF,,,,,,,,,
BBC200164,FIRE ALARM TEST  ,,1004000,1,WEEKS,BBCFAS05,0,0,0,0,0,0,0,0,0,0,0,0,0,0,0,0,0,1,1,1,1,1,1,1,1,Y,1,1,Y,1970-01-01T00:00:00+01:00,2014-07-14T00:00:00+00:00,ACTIVE,EN,GB,UK,GB,PPM,WSCH,??????????-MEPMXF,,,,,,,,,
BBC200165,FGAS CERTIFICATION AUDIT  ,,1004000,6,MONTHS,BBCFCA01,0,0,0,0,0,0,0,0,0,0,0,0,0,0,0,0,0,1,1,1,1,1,1,1,1,Y,1,1,Y,1970-01-01T00:00:00+01:00,2014-07-14T00:00:00+00:00,ACTIVE,EN,GB,UK,GB,PPM,WSCH,??????????-MEPMXF,,,,,,,,,
BBC200166,HW WATER LOG  ,,1004000,3,MONTHS,BBCHWL01,0,0,0,0,0,0,0,0,0,0,0,0,0,0,0,0,0,1,1,1,1,1,1,1,1,Y,1,1,Y,1970-01-01T00:00:00+01:00,2014-07-14T00:00:00+00:00,ACTIVE,EN,GB,UK,GB,PPM,WSCH,??????????-MEPMXF,,,,,,,,,
BBC200167,INSURANCE INSPECTIONS  ,,1004000,6,MONTHS,BBCINS01,0,0,0,0,0,0,0,0,0,0,0,0,0,0,0,0,0,1,1,1,1,1,1,1,1,Y,1,1,Y,1970-01-01T00:00:00+01:00,2014-07-14T00:00:00+00:00,ACTIVE,EN,GB,UK,GB,PPM,WSCH,??????????-MEPMXF,,,,,,,,,
BBC200168,PORTABLE APPLIANCE TESTING   ,,1004000,1,YEARS,BBCPAT01,0,0,0,0,0,0,0,0,0,0,0,0,0,0,0,0,0,1,1,1,1,1,1,1,1,Y,1,1,Y,1970-01-01T00:00:00+01:00,2014-07-14T00:00:00+00:00,ACTIVE,EN,GB,UK,GB,PPM,WSCH,??????????-MEPMXF,,,,,,,,,
BBC200169,SHE AUDIT  ,,1004000,6,MONTHS,BBCSHE01,0,0,0,0,0,0,0,0,0,0,0,0,0,0,0,0,0,1,1,1,1,1,1,1,1,Y,1,1,Y,1970-01-01T00:00:00+01:00,2014-07-14T00:00:00+00:00,ACTIVE,EN,GB,UK,GB,PPM,WSCH,??????????-MEPMXF,,,,,,,,,
